Molecule,Canonical SMILES,Formula,MW,#Heavy atoms,#Aromatic heavy atoms,Fraction Csp3,#Rotatable bonds,#H-bond acceptors,#H-bond donors,MR,TPSA,iLOGP,XLOGP3,WLOGP,MLOGP,Silicos-IT Log P,Consensus Log P,ESOL Log S,ESOL Solubility (mg/ml),ESOL Solubility (mol/l),ESOL Class,Ali Log S,Ali Solubility (mg/ml),Ali Solubility (mol/l),Ali Class,Silicos-IT LogSw,Silicos-IT Solubility (mg/ml),Silicos-IT Solubility (mol/l),Silicos-IT class,GI absorption,BBB permeant,Pgp substrate,CYP1A2 inhibitor,CYP2C19 inhibitor,CYP2C9 inhibitor,CYP2D6 inhibitor,CYP3A4 inhibitor,log Kp (cm/s),Lipinski #violations,Ghose #violations,Veber #violations,Egan #violations,Muegge #violations,Bioavailability Score,PAINS #alerts,Brenk #alerts,Leadlikeness #violations,Synthetic Accessibility
Molecule 1,OC(=O)CCNC(=O)c1ccc(cc1)[C@@H](Oc1cc(C)c(c(c1)C)c1ccc(cc1)C(C)(C)C)CCC(F)(F)F,C32H36F3NO4,555.63,40,18,0.38,13,7,2,151.05,75.63,4.62,8.05,8.87,5.40,8.50,7.09,-7.83,8.19e-06,1.47e-08,Poorly soluble,-9.49,1.79e-07,3.21e-10,Poorly soluble,-10.84,8.03e-09,1.45e-11,Insoluble,Low,No,Yes,No,Yes,No,Yes,Yes,-3.97,2,4,1,1,1,0.56,0,0,3,4.24
Molecule 2,C[C@@H]1CC[C@@H](CC1)NCc1ccc2c(c1)Cc1c2[nH]nc1c1ccc(cc1)C(=O)O,C25H27N3O2,401.50,30,17,0.36,5,4,3,118.73,78.01,3.10,2.22,4.86,3.60,5.22,3.80,-3.82,6.12e-02,1.52e-04,Soluble,-3.49,1.29e-01,3.21e-04,Soluble,-7.88,5.23e-06,1.30e-08,Poorly soluble,High,No,Yes,No,No,No,Yes,No,-7.17,0,0,0,0,0,0.55,0,0,1,4.03
Molecule 3,OC(=O)C[C@H]1CCc2c1[nH]c1c2cc(cc1)OCc1ccc(c(c1)C(F)(F)F)C1CCCC1,C26H26F3NO3,457.48,33,15,0.42,7,6,2,120.37,62.32,3.70,6.37,7.93,4.70,6.99,5.94,-6.56,1.25e-04,2.73e-07,Poorly soluble,-7.47,1.55e-05,3.39e-08,Poorly soluble,-8.23,2.66e-06,5.82e-09,Poorly soluble,Low,No,Yes,No,No,Yes,Yes,Yes,-4.57,1,1,0,1,1,0.85,0,0,2,3.89
Molecule 4,CN1CCN(CC1)Cc1ccc(cc1C(F)(F)F)NC(=O)c1ccc(c(c1)C#Cc1nnc2n1cccc2)C,C29H27F3N6O,532.56,39,21,0.28,6,8,1,150.10,65.77,4.47,4.96,4.58,4.04,4.49,4.51,-6.27,2.87e-04,5.38e-07,Poorly soluble,-6.08,4.44e-04,8.33e-07,Poorly soluble,-8.46,1.84e-06,3.45e-09,Poorly soluble,High,Yes,Yes,No,Yes,Yes,Yes,No,-6.03,1,2,0,0,0,0.55,0,1,2,3.90
Molecule 5,CCc1cc(ccc1CN1CC(C1)C(=O)O)/C(=N/OCc1ccc(c(c1)C(F)(F)F)C1CCCCC1)/C,C29H35F3N2O3,516.60,37,12,0.52,10,8,1,142.60,62.13,4.89,4.76,7.24,4.80,7.25,5.79,-5.62,1.23e-03,2.39e-06,Moderately soluble,-5.80,8.28e-04,1.60e-06,Moderately soluble,-8.17,3.48e-06,6.73e-09,Poorly soluble,Low,No,Yes,No,No,No,Yes,Yes,-6.07,2,4,0,1,0,0.17,0,2,3,4.63
Molecule 6,CN1CCN(CC1)Cc1ccc(cc1C(F)(F)F)NC(=O)c1ccc(c(c1)C#Cc1cnc2n1nccc2)C,C29H27F3N6O,532.56,39,21,0.28,6,8,1,150.10,65.77,4.42,4.11,4.58,3.90,4.49,4.30,-5.73,9.83e-04,1.85e-06,Moderately soluble,-5.20,3.38e-03,6.35e-06,Moderately soluble,-8.46,1.84e-06,3.45e-09,Poorly soluble,High,Yes,Yes,No,Yes,Yes,Yes,No,-6.63,1,2,0,0,0,0.55,0,1,2,3.97
Molecule 7,CNC(=O)c1nccc(c1)Oc1ccc(cc1)NC(=O)Nc1ccc(c(c1)C(F)(F)F)Cl,C21H16ClF3N4O3,464.82,32,18,0.10,9,7,3,112.48,92.35,3.42,4.07,6.32,2.91,3.78,4.10,-5.11,3.62e-03,7.79e-06,Moderately soluble,-5.71,8.98e-04,1.93e-06,Moderately soluble,-8.60,1.16e-06,2.50e-09,Poorly soluble,Low,No,No,Yes,Yes,Yes,Yes,Yes,-6.25,0,1,0,1,0,0.55,0,0,3,2.87
Molecule 8,C[C@@H](C(F)(F)F)Oc1ccc(cc1C(F)(F)F)c1onc(n1)c1ccc2c(c1)nc[nH]2,C19H12F6N4O2,442.31,31,20,0.21,6,11,1,96.12,76.83,2.95,5.43,8.04,3.16,5.55,5.03,-6.08,3.64e-04,8.23e-07,Poorly soluble,-6.80,7.02e-05,1.59e-07,Poorly soluble,-8.25,2.51e-06,5.68e-09,Poorly soluble,Low,No,No,Yes,No,Yes,Yes,No,-5.14,0,1,0,1,2,0.55,0,0,2,3.71
Molecule 9,Fc1ccccc1c1nc2c(n1)cn(cc2)Cc1ccc(nn1)c1ccc(cc1C(F)(F)F)C(F)(F)F,C25H14F7N5,517.40,37,27,0.12,6,11,0,119.70,56.49,3.99,4.75,9.50,4.65,6.75,5.93,-6.18,3.38e-04,6.54e-07,Poorly soluble,-5.67,1.11e-03,2.15e-06,Moderately soluble,-10.78,8.63e-09,1.67e-11,Insoluble,Low,No,Yes,Yes,Yes,Yes,No,Yes,-6.08,2,2,0,1,1,0.17,0,0,2,3.45
Molecule 10,O=C(Nc1ccc(c(c1)C(F)(F)F)Cl)Nc1ccc(cc1)Oc1ccnc(c1)C(=O)NC([2H])([2H])[2H],C21H13ClD3F3N4O3,467.84,32,18,0.10,9,7,3,112.48,92.35,3.27,4.07,6.32,2.91,3.78,4.07,-5.13,3.49e-03,7.46e-06,Moderately soluble,-5.71,9.04e-04,1.93e-06,Moderately soluble,-8.60,1.17e-06,2.50e-09,Poorly soluble,Low,No,No,Yes,Yes,Yes,Yes,Yes,-6.26,0,1,0,1,0,0.55,0,0,3,2.87
Molecule 11,O[C@@H]1[C@H](COc2c1ccc(c2)c1cc(ccc1C(=O)O)C(F)(F)F)Cc1ccccc1,C24H19F3O4,428.40,31,18,0.21,5,7,2,108.45,66.76,3.10,5.07,6.18,4.22,5.35,4.79,-5.79,6.95e-04,1.62e-06,Moderately soluble,-6.21,2.62e-04,6.11e-07,Poorly soluble,-7.53,1.27e-05,2.97e-08,Poorly soluble,High,No,Yes,No,No,Yes,Yes,No,-5.31,1,1,0,1,1,0.85,0,0,2,3.95
Molecule 12,CCC[C@@H](c1ccc(cc1)C(=O)NCCC(=O)O)Oc1cc(C)c(c(c1)C)n1ncc(c1)C(F)(F)F,C26H28F3N3O4,503.51,36,17,0.35,12,8,2,128.28,93.45,3.97,5.03,6.46,3.63,5.45,4.91,-5.69,1.03e-03,2.05e-06,Moderately soluble,-6.73,9.31e-05,1.85e-07,Poorly soluble,-8.09,4.07e-06,8.09e-09,Poorly soluble,Low,No,Yes,No,Yes,Yes,Yes,Yes,-5.80,1,2,1,1,1,0.56,0,0,3,3.84
Molecule 13,OC(=O)CC/C(=N\OCc1ccc(cc1)OCc1nc(oc1C)c1ccccc1)/c1ccccc1,C28H26N2O5,470.52,35,23,0.18,11,7,1,133.11,94.15,4.21,5.09,5.71,2.98,6.17,4.83,-5.72,8.88e-04,1.89e-06,Moderately soluble,-6.81,7.28e-05,1.55e-07,Poorly soluble,-9.60,1.19e-07,2.52e-10,Poorly soluble,High,No,Yes,Yes,Yes,Yes,No,Yes,-5.56,0,2,1,0,1,0.56,0,2,3,4.16
Molecule 14,O=C1O[C@H](CN1c1ccc(c(c1)F)c1ccc(nc1)c1nnn(n1)C)COP(=O)(O)O,C17H16FN6O6P,450.32,31,17,0.24,6,11,2,106.09,162.60,1.55,0.30,1.55,0.20,-0.13,0.69,-2.83,6.65e-01,1.48e-03,Soluble,-3.28,2.38e-01,5.28e-04,Soluble,-3.45,1.61e-01,3.57e-04,Soluble,Low,No,Yes,No,No,No,No,No,-8.83,1,0,1,1,2,0.11,0,1,1,3.96
Molecule 15,CCC(=O)N[C@@H]1CCCc2c1cncc2c1ccc2c(c1)CCC(=O)N2C,C22H25N3O2,363.45,27,12,0.41,4,3,1,109.53,62.30,3.13,2.17,2.86,2.27,3.95,2.87,-3.53,1.08e-01,2.98e-04,Soluble,-3.11,2.81e-01,7.74e-04,Soluble,-6.61,9.00e-05,2.48e-07,Poorly soluble,High,Yes,Yes,No,Yes,No,Yes,Yes,-6.98,0,0,0,0,0,0.55,0,0,1,3.54
Molecule 16,O=C([C@](COc1c(F)c(F)c(c(c1F)F)F)(O)C)Nc1ccc(c(c1)C(F)(F)F)[N+](=O)[O-],C17H10F8N2O5,474.26,32,12,0.24,8,13,2,91.20,104.38,2.22,4.50,7.14,3.59,3.51,4.19,-5.36,2.05e-03,4.32e-06,Moderately soluble,-6.41,1.83e-04,3.87e-07,Poorly soluble,-6.43,1.75e-04,3.68e-07,Poorly soluble,Low,No,No,No,Yes,Yes,No,No,-6.00,0,1,0,1,1,0.55,0,4,3,3.23
Molecule 17,Cc1nnc(o1)c1ccc(c(c1)C)c1cc(ccc1C)C(=O)NC1CC1,C21H21N3O2,347.41,26,17,0.29,5,4,1,100.56,68.02,3.50,4.00,4.16,3.43,4.95,4.01,-4.67,7.47e-03,2.15e-05,Moderately soluble,-5.13,2.57e-03,7.41e-06,Moderately soluble,-7.62,8.26e-06,2.38e-08,Poorly soluble,High,Yes,Yes,Yes,Yes,Yes,Yes,Yes,-5.58,0,0,0,0,0,0.55,0,0,1,3.07
Molecule 18,OC(=O)C[C@@H](NC(=O)c1nn(c(c1)c1ccccc1C(F)(F)F)C1CCCC1)CCN1CCCC(C1)(F)F,C26H31F5N4O3,542.54,38,11,0.58,11,10,2,133.91,87.46,3.46,2.40,6.99,3.52,4.75,4.22,-4.20,3.39e-02,6.25e-05,Moderately soluble,-3.88,7.18e-02,1.32e-04,Soluble,-6.65,1.21e-04,2.23e-07,Poorly soluble,Low,No,Yes,No,No,No,Yes,Yes,-7.91,1,3,1,1,0,0.55,0,0,2,4.44
Molecule 19,OC(=O)c1ccc(cc1)CN1C[C@@H]2C[C@H]1CN2Cc1ccc(cc1)Oc1ccc(cc1)c1ncco1,C29H27N3O4,481.54,36,23,0.24,8,7,1,143.10,79.04,4.28,2.18,4.23,2.97,4.00,3.53,-4.14,3.46e-02,7.18e-05,Moderately soluble,-3.47,1.62e-01,3.36e-04,Soluble,-8.15,3.42e-06,7.11e-09,Poorly soluble,High,No,Yes,Yes,No,Yes,Yes,Yes,-7.69,0,2,0,0,0,0.55,0,0,2,4.73
Molecule 20,CN1CCN(CC1)Cc1ccc(cc1C(F)(F)F)NC(=O)c1ccc(c(c1)C#Cc1cnc2c(c1)cn[nH]2)C,C29H27F3N6O,532.56,39,21,0.28,6,8,2,151.00,77.15,3.86,4.57,4.81,3.63,5.57,4.49,-6.02,5.05e-04,9.47e-07,Poorly soluble,-5.91,6.50e-04,1.22e-06,Moderately soluble,-9.29,2.75e-07,5.16e-10,Poorly soluble,High,No,Yes,No,Yes,Yes,Yes,No,-6.30,1,2,0,0,0,0.55,0,1,2,3.72
Molecule 21,FC(COc1cc2c(cc1C(=O)N[C@@H]1CC[C@H](CC1)C(F)(F)F)nc(n2C)Nc1c(Cl)ccc(c1Cl)CNC(=O)C(C)(C)C)F,C30H34Cl2F5N5O3,678.52,45,15,0.50,13,9,3,163.62,97.28,4.48,7.82,9.73,4.60,6.86,6.70,-8.36,2.95e-06,4.34e-09,Poorly soluble,-9.71,1.33e-07,1.95e-10,Poorly soluble,-10.32,3.23e-08,4.76e-11,Insoluble,Low,No,Yes,No,No,No,Yes,Yes,-4.89,2,4,1,1,2,0.17,0,0,3,5.03
Molecule 22,CCOc1ccc(c(c1)O)C1COc2c(C1)ccc1c2CCC(O1)(C)C,C22H26O4,354.44,26,12,0.45,3,4,1,102.21,47.92,3.82,4.64,4.61,3.25,5.08,4.28,-5.10,2.79e-03,7.87e-06,Moderately soluble,-5.37,1.50e-03,4.24e-06,Moderately soluble,-6.50,1.11e-04,3.14e-07,Poorly soluble,High,Yes,Yes,Yes,No,Yes,Yes,Yes,-5.17,0,0,0,0,0,0.55,0,0,2,3.83
Molecule 23,OC[C@@H](COc1c(C)cc(cc1CC)c1noc(n1)c1cc(OC)nc(c1)C1CCCC1)O,C25H31N3O5,453.53,33,17,0.48,9,8,2,124.71,110.73,4.94,4.19,4.07,2.49,5.10,4.16,-5.08,3.78e-03,8.34e-06,Moderately soluble,-6.22,2.70e-04,5.96e-07,Poorly soluble,-7.31,2.21e-05,4.86e-08,Poorly soluble,High,No,Yes,Yes,No,Yes,Yes,Yes,-6.09,0,0,0,0,0,0.55,0,0,3,4.50
Molecule 24,ClCCN(C(=O)Oc1ccc2c(c1)CC[C@@H]1[C@@H]2CC[C@]2([C@H]1CC[C@@H]2OP(=O)(O)O)C)CCCl,C23H32Cl2NO6P,520.38,33,6,0.70,9,6,2,128.71,106.11,2.89,2.91,5.30,3.56,3.47,3.63,-4.44,1.89e-02,3.63e-05,Moderately soluble,-4.80,8.26e-03,1.59e-05,Moderately soluble,-5.18,3.42e-03,6.58e-06,Moderately soluble,High,No,Yes,No,No,No,Yes,Yes,-7.41,1,1,0,0,0,0.56,0,2,2,5.13
Molecule 25,CC(=O)N[C@H](C(=O)N[C@H](c1ccc(c(c1)C(=O)N)OCC1CCCCC1)C)Cc1ccc(c(c1)P(=O)(O)O)OCC(=O)O,C29H38N3O10P,619.60,43,12,0.45,16,10,6,156.80,224.39,1.78,1.59,1.61,0.24,1.89,1.42,-3.83,9.09e-02,1.47e-04,Soluble,-5.91,7.56e-04,1.22e-06,Moderately soluble,-5.42,2.34e-03,3.78e-06,Moderately soluble,Low,No,Yes,No,No,No,No,No,-8.95,3,3,2,1,4,0.11,0,1,2,5.20
Molecule 26,OC(=O)C[C@@H]1COc2c1ccc(c2)OCc1cccc(c1)c1c(C)cc(cc1C)OCCCS(=O)(=O)C,C29H32O7S,524.63,37,18,0.34,11,7,1,143.40,107.51,3.65,4.74,6.24,3.15,6.07,4.77,-5.71,1.02e-03,1.94e-06,Moderately soluble,-6.73,9.82e-05,1.87e-07,Poorly soluble,-9.25,2.94e-07,5.61e-10,Poorly soluble,Low,No,Yes,No,Yes,Yes,Yes,Yes,-6.13,1,3,1,1,0,0.56,0,0,3,4.54
Molecule 27,O[C@@H]1CCN(C1)c1ncc(cc1c1ccn[nH]1)C(=O)Nc1ccc(cc1)OC(Cl)(F)F,C20H18ClF2N5O3,449.84,31,17,0.25,7,7,3,113.26,103.37,2.62,3.04,3.73,1.37,2.81,2.71,-4.49,1.46e-02,3.25e-05,Moderately soluble,-4.88,5.98e-03,1.33e-05,Moderately soluble,-6.38,1.89e-04,4.21e-07,Poorly soluble,High,No,Yes,No,Yes,Yes,Yes,Yes,-6.89,0,0,0,0,0,0.55,0,1,1,3.71
Molecule 28,OC[C@@H]1OC(=O)N(C1)c1ccc(c(c1)F)c1ccc(nc1)c1nnn(n1)C,C17H15FN6O3,370.34,27,17,0.24,4,8,1,95.18,106.26,2.53,1.39,1.44,0.93,1.07,1.47,-3.21,2.26e-01,6.11e-04,Soluble,-3.23,2.21e-01,5.96e-04,Soluble,-4.33,1.71e-02,4.62e-05,Moderately soluble,High,No,Yes,Yes,No,No,No,Yes,-7.57,0,0,0,0,0,0.55,0,0,1,3.55
Molecule 29,OC(=O)COc1cc2onc(c2cc1C)CCc1sc(nc1C(C)C)c1ccc(cc1)C(F)(F)F,C25H23F3N2O4S,504.52,35,20,0.32,9,9,1,127.00,113.69,4.25,6.66,7.80,3.76,7.86,6.07,-6.99,5.13e-05,1.02e-07,Poorly soluble,-8.85,7.13e-07,1.41e-09,Poorly soluble,-9.09,4.13e-07,8.18e-10,Poorly soluble,Low,No,Yes,No,Yes,Yes,Yes,Yes,-4.65,1,2,0,1,1,0.56,0,0,3,4.09
Molecule 30,N#Cc1ccc(cc1C(F)(F)F)NC(=O)[C@@]1(C)NN=C(C1)C(F)(F)F,C14H10F6N4O,364.25,25,6,0.36,5,9,2,81.54,77.28,2.02,2.99,4.65,1.96,3.89,3.10,-3.83,5.39e-02,1.48e-04,Soluble,-4.28,1.93e-02,5.29e-05,Moderately soluble,-5.50,1.16e-03,3.18e-06,Moderately soluble,High,No,No,No,Yes,No,No,Yes,-6.40,0,0,0,0,0,0.55,0,0,1,3.48
Molecule 31,CCOC(=O)[C@H]1NCC2(C1)CCN(CC2)c1cc(nc(n1)N)O[C@@H](C(F)(F)F)c1ccc(cc1c1ccccc1)Cl,C29H31ClF3N5O3,590.04,41,18,0.41,9,9,2,156.78,102.60,3.66,6.14,5.76,4.06,5.02,4.93,-7.10,4.72e-05,7.99e-08,Poorly soluble,-8.08,4.94e-06,8.37e-09,Poorly soluble,-9.18,3.94e-07,6.68e-10,Poorly soluble,Low,No,Yes,No,No,No,Yes,Yes,-5.54,1,4,0,0,1,0.55,0,0,3,5.49
Molecule 32,OC(=O)CC1CCN(CC1)C(=O)c1ccc(c(c1Cl)Cn1ccc2c1c(Cl)cc(c2)C(F)(F)F)Cl,C24H20Cl3F3N2O3,547.78,35,15,0.33,7,6,1,133.22,62.54,3.48,6.07,7.77,5.20,6.28,5.76,-6.92,6.65e-05,1.21e-07,Poorly soluble,-7.16,3.76e-05,6.86e-08,Poorly soluble,-8.10,4.35e-06,7.94e-09,Poorly soluble,Low,No,Yes,No,Yes,Yes,Yes,No,-5.33,2,3,0,1,1,0.85,0,0,2,2.95
Molecule 33,OC(=O)CCCn1ccc2c1cccc2c1noc(n1)c1cnc(c(c1)Cl)OC(C)C,C22H21ClN4O4,440.88,31,20,0.27,8,7,1,117.03,103.27,3.67,3.99,5.06,2.52,4.14,3.88,-5.04,4.05e-03,9.19e-06,Moderately soluble,-5.86,6.08e-04,1.38e-06,Moderately soluble,-7.24,2.53e-05,5.74e-08,Poorly soluble,High,No,No,No,Yes,Yes,No,Yes,-6.16,0,0,0,0,0,0.56,0,0,3,3.58
Molecule 34,OC(=O)CC[C@@H](C(=O)O)NC(=O)c1cc(c(s1)CC[C@@H]1CNc2c(C1)c(=O)[nH]c(n2)N)C,C20H25N5O6S,463.51,32,11,0.45,10,7,6,121.87,215.74,1.15,0.68,0.42,0.79,2.66,1.14,-2.74,8.50e-01,1.83e-03,Soluble,-4.79,7.56e-03,1.63e-05,Moderately soluble,-4.30,2.31e-02,4.98e-05,Moderately soluble,Low,No,Yes,No,No,No,No,No,-8.64,2,0,1,1,2,0.11,0,0,2,4.46
Molecule 35,CCCc1c(OCCCOc2ccc3c(c2)ccn3CC(=O)O)ccc2c1onc2C(F)(F)F,C24H23F3N2O5,476.45,34,18,0.33,11,9,1,119.05,86.72,3.54,5.73,6.84,3.06,5.30,4.89,-6.07,4.06e-04,8.52e-07,Poorly soluble,-7.32,2.29e-05,4.80e-08,Poorly soluble,-7.90,6.04e-06,1.27e-08,Poorly soluble,Low,No,No,Yes,Yes,Yes,Yes,Yes,-5.14,0,1,1,1,1,0.56,0,0,3,3.72
Molecule 36,Cc1cc(OCP(=O)(O)O)cc(c1Cc1ccc(c(c1)Cc1ccccc1)O)C,C23H25O5P,412.42,29,18,0.22,7,5,3,114.78,96.80,2.11,4.38,4.70,3.40,4.38,3.80,-5.15,2.90e-03,7.02e-06,Moderately soluble,-6.13,3.06e-04,7.43e-07,Poorly soluble,-7.36,1.78e-05,4.33e-08,Poorly soluble,High,No,No,No,No,Yes,Yes,Yes,-5.71,0,0,0,0,0,0.56,0,1,2,3.65
Molecule 37,COc1cc(ccc1OC)C(=O)N1CCCc2c1ccc(c2)C1=NNC(=O)S[C@@H]1C,C22H23N3O4S,425.50,30,12,0.32,5,5,1,128.32,105.53,3.35,3.78,2.70,2.61,3.88,3.26,-4.83,6.36e-03,1.49e-05,Moderately soluble,-5.69,8.69e-04,2.04e-06,Moderately soluble,-6.25,2.37e-04,5.56e-07,Poorly soluble,High,No,No,No,Yes,Yes,Yes,Yes,-6.21,0,0,0,0,0,0.55,0,1,2,4.01
Molecule 38,Cc1nnc(o1)c1ccc(c(c1)c1ccc(cc1)C(=O)NCC1CC1)C,C21H21N3O2,347.41,26,17,0.29,6,4,1,100.41,68.02,3.65,3.83,4.10,3.43,4.82,3.97,-4.49,1.11e-02,3.20e-05,Moderately soluble,-4.95,3.86e-03,1.11e-05,Moderately soluble,-7.64,7.92e-06,2.28e-08,Poorly soluble,High,Yes,Yes,Yes,Yes,Yes,Yes,Yes,-5.70,0,0,0,0,0,0.55,0,0,1,2.99
Molecule 39,O=Cc1cc(ccc1OP(=O)(O)O)C[C@@H](C(=O)N[C@H]1CCCCN(C1=O)Cc1ccc(cc1)c1ccccc1)NC(=O)C,C31H34N3O8P,607.59,43,18,0.29,13,8,4,163.17,172.15,2.59,2.21,2.85,0.97,3.41,2.41,-4.45,2.15e-02,3.54e-05,Moderately soluble,-5.46,2.11e-03,3.47e-06,Moderately soluble,-7.58,1.58e-05,2.61e-08,Poorly soluble,Low,No,Yes,No,No,No,No,Yes,-8.44,2,3,2,1,2,0.11,0,2,2,4.79
Molecule 40,OC(=O)C(Oc1ccc(cc1C)SCc1sc(nc1C)c1ccc(cc1F)C(F)(F)F)(C)C,C23H21F4NO3S2,499.54,33,17,0.30,8,8,1,121.37,112.96,3.26,6.56,8.54,4.69,7.99,6.21,-6.92,5.96e-05,1.19e-07,Poorly soluble,-8.73,9.29e-07,1.86e-09,Poorly soluble,-8.54,1.43e-06,2.86e-09,Poorly soluble,Low,No,Yes,No,Yes,No,No,Yes,-4.69,1,2,0,1,1,0.56,0,0,3,3.86
Molecule 41,O=c1nc(OC[C@@H]2COCCO2)cc2n1CCc1c2ccc(c1)C#CC1CC1,C22H22N2O4,378.42,28,12,0.45,3,5,0,104.06,62.58,3.96,2.38,2.04,1.86,3.82,2.81,-3.80,5.93e-02,1.57e-04,Soluble,-3.34,1.75e-01,4.62e-04,Soluble,-4.93,4.46e-03,1.18e-05,Moderately soluble,High,Yes,No,No,Yes,Yes,Yes,Yes,-6.92,0,0,0,0,0,0.55,0,1,1,4.14
Molecule 42,N#Cc1ccc(c(c1)F)COc1cccc(n1)C1CCN(CC1)Cc1nc2c(n1C[C@@H]1CCO1)cc(cc2)C(=O)O,C31H30FN5O4,555.60,41,21,0.35,9,9,1,152.98,113.50,3.50,1.36,4.62,2.52,4.69,3.34,-3.93,6.58e-02,1.18e-04,Soluble,-3.35,2.50e-01,4.51e-04,Soluble,-8.03,5.19e-06,9.33e-09,Poorly soluble,High,No,Yes,No,No,Yes,Yes,Yes,-8.72,1,3,0,0,0,0.55,0,0,2,4.80
Molecule 43,N#Cc1ccc(cc1C(F)(F)F)NC(=O)C(CS(=O)(=O)c1ccc(cc1)F)(O)C,C18H14F4N2O4S,430.37,29,12,0.22,7,9,2,93.86,115.64,1.95,2.31,5.34,2.47,3.22,3.06,-3.81,6.70e-02,1.56e-04,Soluble,-4.38,1.81e-02,4.20e-05,Moderately soluble,-6.25,2.41e-04,5.60e-07,Poorly soluble,Low,No,Yes,No,Yes,No,No,Yes,-7.29,0,0,0,0,0,0.55,0,0,1,3.53
Molecule 44,O=C([C@H]1CCC(=O)N1C1CCN(CC1)Cc1ccc(c(c1)C)Cl)Nc1nc(C)cc(c1)C(=O)N(C)C,C27H34ClN5O3,512.04,36,12,0.48,8,5,1,148.73,85.85,4.02,2.93,2.54,1.97,3.50,3.00,-4.58,1.35e-02,2.63e-05,Moderately soluble,-4.39,2.06e-02,4.03e-05,Moderately soluble,-6.80,8.06e-05,1.57e-07,Poorly soluble,High,No,Yes,No,Yes,Yes,Yes,Yes,-7.34,1,2,0,0,0,0.55,0,0,2,4.12
Molecule 45,OCCN[C@H]1CCc2c1cccc2c1noc(n1)c1ccc(c(c1)C#N)OC(C)C,C23H24N4O3,404.46,30,17,0.35,7,7,2,112.19,104.20,3.89,3.06,3.31,1.70,4.22,3.24,-4.23,2.37e-02,5.85e-05,Moderately soluble,-4.91,4.92e-03,1.22e-05,Moderately soluble,-7.35,1.79e-05,4.43e-08,Poorly soluble,High,No,Yes,Yes,No,Yes,Yes,Yes,-6.59,0,0,0,0,0,0.55,0,0,1,3.98
Molecule 46,O[C@H](CNC(Cc1ccc(c(c1)F)Cl)(C)C)CO[C@@H](c1ccccc1c1ccc(c(c1)C)C(=O)O)C,C29H33ClFNO4,514.03,36,18,0.34,11,6,3,141.77,78.79,4.33,3.47,6.30,4.77,7.17,5.21,-4.86,7.14e-03,1.39e-05,Moderately soluble,-4.81,8.02e-03,1.56e-05,Moderately soluble,-9.63,1.20e-07,2.33e-10,Poorly soluble,High,No,Yes,No,No,No,Yes,Yes,-6.97,2,3,1,1,0,0.17,0,0,2,4.52
Molecule 47,Fc1ccc(cc1)OC[C@@](C(=O)Nc1ccc(c(c1)C(F)(F)F)[N+](=O)[O-])(O)C,C17H14F4N2O5,402.30,28,12,0.24,8,9,2,91.36,104.38,2.26,4.10,4.90,2.07,1.72,3.01,-4.71,7.91e-03,1.97e-05,Moderately soluble,-6.00,4.04e-04,1.01e-06,Moderately soluble,-5.39,1.65e-03,4.10e-06,Moderately soluble,High,No,No,No,Yes,Yes,Yes,Yes,-5.84,0,0,0,0,0,0.55,0,2,3,3.11
Molecule 48,OCCc1cc(ccc1O)[C@H](CN[C@H]1CCc2c(C1)cc(cc2)OCC(=O)N(C)C)O,C24H32N2O5,428.52,31,12,0.46,10,6,4,118.91,102.26,2.87,1.78,1.25,1.02,3.02,1.99,-3.24,2.44e-01,5.69e-04,Soluble,-3.55,1.22e-01,2.85e-04,Soluble,-5.48,1.41e-03,3.28e-06,Moderately soluble,High,No,Yes,No,No,No,Yes,No,-7.65,0,0,0,0,0,0.55,0,0,2,4.05
Molecule 49,CCOc1ccccc1C(=O)NCc1coc(n1)c1ccc(c(c1)OC(C)C)OC(F)F,C23H24F2N2O5,446.44,32,17,0.30,11,8,1,113.42,82.82,3.81,4.84,5.75,2.04,5.00,4.29,-5.32,2.12e-03,4.74e-06,Moderately soluble,-6.31,2.17e-04,4.87e-07,Poorly soluble,-8.00,4.46e-06,1.00e-08,Poorly soluble,High,No,No,No,Yes,Yes,Yes,Yes,-5.59,0,1,1,0,0,0.55,0,0,3,3.59
Molecule 50,OCC(CCc1ccc(cc1Cl)Sc1cccc(c1)OCc1ccccc1)(CO)N,C24H26ClNO3S,443.99,30,18,0.25,10,4,3,122.26,101.01,4.07,4.28,4.53,4.04,5.39,4.46,-5.07,3.75e-03,8.45e-06,Moderately soluble,-6.11,3.42e-04,7.70e-07,Poorly soluble,-8.34,2.02e-06,4.54e-09,Poorly soluble,High,No,No,Yes,Yes,Yes,Yes,Yes,-5.97,0,0,0,0,0,0.55,0,0,3,3.29
Molecule 51,C[C@@H](C(=O)O)NC(=O)[C@@H](C[P@@](=O)([C@@H](N)C)O)Cc1ccc(cc1)c1ccccc1,C21H27N2O5P,418.42,29,12,0.33,10,6,4,112.61,139.53,1.87,-0.94,2.68,1.71,2.00,1.46,-1.49,1.36e+01,3.25e-02,Very soluble,-1.51,1.31e+01,3.12e-02,Very soluble,-5.01,4.11e-03,9.82e-06,Moderately soluble,Low,No,Yes,No,No,No,No,Yes,-9.52,0,0,0,1,0,0.55,0,1,2,4.87
Molecule 52,CC(=O)Nc1ccc(cc1)OC[C@@](C(=O)Nc1ccc(c(c1)C(F)(F)F)[N+](=O)[O-])(O)C,C19H18F3N3O6,441.36,31,12,0.26,10,9,3,105.72,133.48,2.22,3.18,4.11,1.17,1.01,2.34,-4.21,2.74e-02,6.22e-05,Moderately soluble,-5.65,9.79e-04,2.22e-06,Moderately soluble,-5.46,1.53e-03,3.48e-06,Moderately soluble,Low,No,Yes,No,Yes,Yes,Yes,Yes,-6.73,0,0,0,1,0,0.55,0,2,2,3.33
Molecule 53,Fc1ccccc1c1onc(n1)c1cccc(c1)C(=O)O,C15H9FN2O3,284.24,21,17,0.00,3,6,1,72.09,76.22,2.45,3.09,3.66,3.08,3.19,3.09,-3.95,3.19e-02,1.12e-04,Soluble,-4.36,1.25e-02,4.38e-05,Moderately soluble,-5.55,8.03e-04,2.82e-06,Moderately soluble,High,Yes,No,Yes,Yes,No,No,No,-5.84,0,0,0,0,0,0.56,0,0,0,2.85
Molecule 54,CC(=O)N[C@H](C(=O)N[C@H]1CCCCN(C1=O)Cc1ccc(cc1)c1ccccc1)Cc1ccc(cc1)C(P(=O)(O)O)(F)F,C31H34F2N3O6P,613.59,43,18,0.32,12,8,4,161.05,145.85,2.32,3.12,4.52,2.36,3.63,3.19,-5.13,4.57e-03,7.45e-06,Moderately soluble,-5.85,8.63e-04,1.41e-06,Moderately soluble,-8.49,1.97e-06,3.21e-09,Poorly soluble,Low,No,Yes,No,No,No,Yes,Yes,-7.83,1,3,2,1,1,0.55,0,1,2,4.91
Molecule 55,Fc1ccc(cc1)[C@H]1[C@H](OCCN1Cc1nc(=O)n([nH]1)P(=O)(O)O)O[C@@H](c1cc(cc(c1)C(F)(F)F)C(F)(F)F)C,C23H22F7N4O6P,614.41,41,17,0.39,9,15,3,129.90,139.72,1.93,1.02,5.91,2.86,2.88,2.92,-4.00,6.08e-02,9.89e-05,Moderately soluble,-3.54,1.76e-01,2.86e-04,Soluble,-5.88,8.04e-04,1.31e-06,Moderately soluble,Low,No,Yes,No,No,No,No,No,-9.32,1,2,0,2,2,0.56,0,1,2,5.19
Molecule 56,CCO[C@@H]1CC[C@H](CC1)n1cc(c(n1)c1nc(F)ccc1F)NC(=O)c1csc(n1)c1cnn(c1)C(OP(=O)(O)O)C,C25H28F2N7O6PS,623.57,42,21,0.40,11,12,3,148.50,204.56,3.14,1.68,5.27,0.89,2.53,2.70,-4.41,2.43e-02,3.90e-05,Moderately soluble,-5.59,1.60e-03,2.57e-06,Moderately soluble,-5.51,1.94e-03,3.12e-06,Moderately soluble,Low,No,No,No,No,No,No,Yes,-8.91,2,2,2,1,3,0.11,0,2,2,5.58
Molecule 57,CC[C@@H](C(=O)[C@H]([C@H]([C@@H](CCc1ccc(c(c1C(=O)O)O)C)C)O)C)[C@H]1O[C@](C[C@@H]1C)(CC)[C@H]1CC[C@]([C@@H](O1)C)(O)CC,C34H54O8,590.79,42,6,0.76,13,8,4,166.07,133.52,3.82,6.45,5.84,2.75,6.73,5.12,-6.81,9.06e-05,1.53e-07,Poorly soluble,-9.05,5.29e-07,8.95e-10,Poorly soluble,-6.05,5.22e-04,8.83e-07,Poorly soluble,Low,No,Yes,No,No,No,No,Yes,-5.32,1,4,1,1,1,0.56,0,0,3,6.53
Molecule 58,CCCCCC[C@@H]1CCc2c(C1)ccc(c2)[C@H]1CC[C@](C1)(N)CO,C22H35NO,329.52,24,6,0.73,7,2,2,103.51,46.25,3.99,5.42,4.72,4.17,5.47,4.75,-5.02,3.14e-03,9.54e-06,Moderately soluble,-6.15,2.35e-04,7.13e-07,Poorly soluble,-6.28,1.74e-04,5.28e-07,Poorly soluble,High,Yes,No,No,No,No,Yes,No,-4.46,1,0,0,0,1,0.55,0,0,1,3.76
Molecule 59,CCc1onc(n1)c1ccc2c(c1)CC[C@H]2NC(=O)c1cnn(c1)C,C18H19N5O2,337.38,25,16,0.33,5,5,1,91.70,85.84,3.23,2.14,2.13,1.57,2.48,2.31,-3.42,1.27e-01,3.77e-04,Soluble,-3.57,8.99e-02,2.66e-04,Soluble,-5.66,7.36e-04,2.18e-06,Moderately soluble,High,No,Yes,Yes,Yes,Yes,Yes,Yes,-6.84,0,0,0,0,0,0.55,0,0,0,3.36
Molecule 60,O[C@H]1C[C@@H](O[C@@H]1COP(=O)(O)O)n1cnc2c1nc(NCc1cccc3c1cccc3)[nH]c2=O,C21H22N5O7P,487.40,34,19,0.29,7,9,5,122.14,181.63,0.63,-0.06,0.98,0.45,0.20,0.44,-2.78,8.17e-01,1.68e-03,Soluble,-3.30,2.43e-01,4.98e-04,Soluble,-4.33,2.29e-02,4.69e-05,Moderately soluble,Low,No,No,No,No,No,No,No,-9.32,1,1,1,1,1,0.11,0,1,1,4.72
Molecule 61,O=C(CO[P@@](=O)([C@@H](Cc1ccccc1)NC(=O)CCCC(=O)O)O)NCCc1ccccc1,C23H29N2O7P,476.46,33,12,0.35,16,7,4,122.65,151.84,1.61,1.46,2.49,1.31,2.23,1.82,-2.93,5.64e-01,1.18e-03,Soluble,-4.25,2.65e-02,5.56e-05,Moderately soluble,-6.20,2.99e-04,6.28e-07,Poorly soluble,Low,No,Yes,No,No,No,No,No,-8.17,0,0,2,1,2,0.11,0,1,2,4.87
Molecule 62,OC(=O)COc1ccc(cc1C)SCc1sc(nc1C)c1ccc(cc1)C(F)(F)F,C21H18F3NO3S2,453.50,30,17,0.24,8,7,1,111.76,112.96,3.25,5.87,7.20,3.90,7.08,5.46,-6.24,2.60e-04,5.74e-07,Poorly soluble,-8.01,4.38e-06,9.67e-09,Poorly soluble,-7.89,5.78e-06,1.27e-08,Poorly soluble,Low,No,No,No,Yes,Yes,Yes,Yes,-4.90,0,1,0,1,1,0.56,0,0,3,3.60
Molecule 63,OC(=O)Cc1cccc(c1)OCCCN(CC(c1ccccc1)c1ccccc1)Cc1cccc(c1Cl)C(F)(F)F,C33H31ClF3NO3,582.05,41,24,0.24,14,7,1,154.88,49.77,3.62,5.89,9.09,6.31,8.49,6.68,-6.67,1.25e-04,2.14e-07,Poorly soluble,-6.71,1.14e-04,1.96e-07,Poorly soluble,-12.10,4.63e-10,7.96e-13,Insoluble,Low,No,Yes,No,Yes,No,Yes,Yes,-5.67,2,4,1,1,1,0.17,0,0,3,3.74
Molecule 64,O=C(NC12CCC(CC1)([C@H](C2)OCOP(=O)(O)O)NC(=O)COc1ccc(c(c1)F)Cl)COc1ccc(c(c1)F)Cl,C25H27Cl2F2N2O9P,639.37,41,12,0.44,14,11,4,141.58,162.46,2.98,3.05,4.71,2.09,3.80,3.33,-5.02,6.13e-03,9.59e-06,Moderately soluble,-6.13,4.76e-04,7.45e-07,Poorly soluble,-7.36,2.80e-05,4.38e-08,Poorly soluble,Low,No,Yes,No,No,No,No,Yes,-8.03,2,2,2,1,3,0.11,0,2,2,5.70
Molecule 65,CNCC1CCCCN1C(=O)Oc1ccc(cc1OC)CNC(=O)CCCC/C=C/C(C)C,C26H41N3O4,459.62,33,6,0.62,15,5,2,136.73,79.90,4.91,4.18,4.12,2.73,4.62,4.11,-4.47,1.57e-02,3.41e-05,Moderately soluble,-5.57,1.25e-03,2.71e-06,Moderately soluble,-6.35,2.03e-04,4.43e-07,Poorly soluble,High,No,Yes,No,No,No,Yes,Yes,-6.14,0,2,1,0,0,0.55,0,1,3,4.28
Molecule 66,OC(=O)[C@H](c1ccc2c(c1)nc(o2)c1ccc(cc1)F)C,C16H12FNO3,285.27,21,15,0.12,3,5,1,75.75,63.33,2.49,2.70,4.24,2.97,3.76,3.23,-3.64,6.53e-02,2.29e-04,Soluble,-3.68,5.92e-02,2.08e-04,Soluble,-5.51,8.71e-04,3.05e-06,Moderately soluble,High,Yes,No,Yes,Yes,No,No,No,-6.12,0,0,0,0,0,0.85,0,0,0,3.19
Molecule 67,N#Cc1ccc(cc1)c1nnc(o1)[C@@H]([C@@H](O)C)Nc1ccc(c(c1C)Cl)C#N,C20H16ClN5O2,393.83,28,17,0.20,5,6,2,103.71,118.76,2.88,3.14,3.46,1.60,3.94,3.01,-4.38,1.64e-02,4.18e-05,Moderately soluble,-5.30,1.96e-03,4.97e-06,Moderately soluble,-6.96,4.28e-05,1.09e-07,Poorly soluble,High,No,Yes,No,Yes,Yes,No,Yes,-6.47,0,0,0,0,0,0.55,0,0,1,4.04
Molecule 68,CN([C@H]1CCN(C1)Cc1ccc(cc1C(F)(F)F)C(=O)Nc1ccc(c(c1)Nc1nccc(n1)c1cncnc1)C)C,C30H31F3N8O,576.62,42,24,0.30,10,10,2,158.18,99.17,4.16,4.18,5.82,2.52,4.28,4.19,-5.81,8.90e-04,1.54e-06,Moderately soluble,-5.97,6.16e-04,1.07e-06,Moderately soluble,-10.24,3.29e-08,5.70e-11,Insoluble,Low,No,Yes,No,Yes,Yes,Yes,Yes,-6.85,1,4,0,0,0,0.55,0,0,3,4.47
Molecule 69,COc1ccc(cc1F)CSc1nnc(o1)c1ccc2c(c1)OCO2,C17H13FN2O4S,360.36,25,17,0.18,5,7,0,88.46,91.91,3.69,3.64,4.17,2.96,4.13,3.72,-4.54,1.04e-02,2.88e-05,Moderately soluble,-5.26,1.99e-03,5.51e-06,Moderately soluble,-6.53,1.07e-04,2.96e-07,Poorly soluble,High,No,No,Yes,Yes,Yes,No,Yes,-5.91,0,0,0,0,0,0.55,0,0,2,3.29
Molecule 70,Fc1cc(CNCCC2CCOCC2)ccc1Oc1ccc(cn1)C(=O)N,C20H24FN3O3,373.42,27,12,0.40,8,6,2,99.19,86.47,2.92,2.01,3.29,2.01,3.48,2.74,-3.22,2.24e-01,5.99e-04,Soluble,-3.45,1.32e-01,3.52e-04,Soluble,-6.26,2.06e-04,5.51e-07,Poorly soluble,High,No,Yes,No,Yes,No,Yes,Yes,-7.15,0,0,0,0,0,0.55,0,0,2,2.91
Molecule 71,OP(=O)([C@H](S(=O)(=O)O)CCCc1cccc(c1)Oc1ccccc1)O,C16H19O7PS,386.36,25,12,0.25,8,7,3,93.87,139.32,0.77,1.65,4.27,1.89,0.66,1.85,-3.10,3.05e-01,7.90e-04,Soluble,-4.19,2.50e-02,6.47e-05,Moderately soluble,-4.07,3.30e-02,8.53e-05,Moderately soluble,Low,No,No,No,No,No,No,No,-7.49,0,0,0,1,0,0.56,0,2,2,4.16
Molecule 72,N#Cc1ccc(cc1C(F)(F)F)NC(=O)[C@](CS(=O)(=O)c1ccc(cc1)F)(O)C,C18H14F4N2O4S,430.37,29,12,0.22,7,9,2,93.86,115.64,1.69,2.31,5.34,2.47,3.22,3.01,-3.81,6.70e-02,1.56e-04,Soluble,-4.38,1.81e-02,4.20e-05,Moderately soluble,-6.25,2.41e-04,5.60e-07,Poorly soluble,Low,No,Yes,No,Yes,No,No,Yes,-7.29,0,0,0,0,0,0.55,0,0,1,3.53
Molecule 73,O[C@@H](COc1cc(CCC(=O)O)cc(c1F)F)CNC(CC1Cc2c(C1)cccc2)(C)C,C25H31F2NO4,447.51,32,12,0.48,11,7,3,119.00,78.79,3.25,1.75,4.74,3.72,5.68,3.83,-3.27,2.41e-01,5.39e-04,Soluble,-3.02,4.26e-01,9.51e-04,Soluble,-7.44,1.64e-05,3.66e-08,Poorly soluble,High,No,Yes,No,No,No,Yes,No,-7.79,0,0,1,0,0,0.55,0,0,2,3.91
Molecule 74,CC[C@@H](C(=O)O[C@H]1C[C@@H](C)C=C2[C@H]1[C@@H](CC[C@H]1C[C@@H](O)CC(=O)N1Cc1ccc3c(c1)ccc(c3CO)OC)[C@H](C=C2)C)C,C37H49NO6,603.79,44,10,0.57,11,6,2,179.07,96.30,5.37,5.73,5.65,3.86,5.75,5.27,-6.64,1.40e-04,2.31e-07,Poorly soluble,-7.52,1.83e-05,3.02e-08,Poorly soluble,-7.11,4.67e-05,7.73e-08,Poorly soluble,High,No,Yes,No,No,No,No,Yes,-5.91,1,4,1,0,2,0.55,0,0,3,6.19
Molecule 75,CCN(CCOP(=O)(O)O)CCCOc1ccc2c(c1)ncnc2Nc1[nH]nc(c1)CC(=O)Nc1cccc(c1)F,C26H31FN7O6P,587.54,41,21,0.31,16,11,5,150.29,184.63,2.61,-0.38,3.85,1.08,2.51,1.93,-2.57,1.59e+00,2.71e-03,Soluble,-3.03,5.43e-01,9.24e-04,Soluble,-8.15,4.14e-06,7.05e-09,Poorly soluble,Low,No,Yes,No,No,No,No,Yes,-10.15,2,3,2,1,3,0.11,0,1,2,4.23
Molecule 76,OC(=O)CCC/C=C\C[C@H]1[C@@H](O)C[C@H]([C@@H]1/C=C/[C@H](COc1cccc(c1)C(F)(F)F)O)O,C23H29F3O6,458.47,32,6,0.52,12,9,4,112.24,107.22,2.58,2.94,4.71,2.41,4.01,3.33,-3.88,6.02e-02,1.31e-04,Soluble,-4.85,6.42e-03,1.40e-05,Moderately soluble,-3.26,2.53e-01,5.52e-04,Soluble,High,No,Yes,No,No,No,No,Yes,-7.01,0,0,1,0,0,0.56,0,1,2,4.78
Molecule 77,CCOC(=O)COc1ccc2c(c1)C[C@H](CC2)NC[C@@H](c1cccc(c1)Cl)O,C22H26ClNO4,403.90,28,12,0.41,9,5,2,109.15,67.79,4.10,3.94,3.14,2.83,4.57,3.71,-4.55,1.14e-02,2.82e-05,Moderately soluble,-5.06,3.49e-03,8.64e-06,Moderately soluble,-6.88,5.28e-05,1.31e-07,Poorly soluble,High,Yes,No,No,No,Yes,Yes,Yes,-5.97,0,0,0,0,0,0.55,0,0,3,3.76
Molecule 78,CCO[C@H](COc1ccc(cc1)C(F)(F)F)CSc1ccc(c(c1)C)OCC(=O)O,C21H23F3O5S,444.46,30,12,0.38,12,8,1,107.53,90.29,3.51,5.20,6.21,3.65,5.40,4.79,-5.38,1.87e-03,4.21e-06,Moderately soluble,-6.84,6.38e-05,1.43e-07,Poorly soluble,-6.83,6.59e-05,1.48e-07,Poorly soluble,Low,No,No,No,Yes,Yes,Yes,Yes,-5.32,0,1,1,1,1,0.56,0,0,3,4.04
Molecule 79,N#Cc1ccc(cc1)OC[C@@](C(=O)Nc1ccc(c(c1)C(F)(F)F)C#N)(O)C,C19H14F3N3O3,389.33,28,12,0.21,7,8,2,92.01,106.14,2.54,2.66,4.18,1.57,3.51,2.89,-3.78,6.39e-02,1.64e-04,Soluble,-4.54,1.12e-02,2.88e-05,Moderately soluble,-5.91,4.78e-04,1.23e-06,Moderately soluble,High,No,No,No,Yes,No,No,Yes,-6.79,0,0,0,0,0,0.55,0,0,1,3.00
Molecule 80,Fc1cc2C[C@H](COc2c(c1)F)n1c(CCNCc2ccccc2)c[nH]c1=S,C21H21F2N3OS,401.47,28,17,0.29,6,4,2,106.34,74.07,3.67,3.23,5.02,3.12,6.07,4.22,-4.42,1.54e-02,3.83e-05,Moderately soluble,-4.46,1.40e-02,3.48e-05,Moderately soluble,-7.64,9.20e-06,2.29e-08,Poorly soluble,High,No,Yes,Yes,Yes,Yes,Yes,Yes,-6.46,0,0,0,0,0,0.55,0,1,1,3.78
Molecule 81,N#Cc1ccc(cc1C(F)(F)F)NC(=O)[C@](COc1ccc(c(c1)F)Cl)(O)C,C18H13ClF4N2O3,416.75,28,12,0.22,7,8,2,92.27,82.35,2.83,3.67,5.52,2.84,4.55,3.88,-4.59,1.07e-02,2.56e-05,Moderately soluble,-5.09,3.40e-03,8.15e-06,Moderately soluble,-6.70,8.39e-05,2.01e-07,Poorly soluble,High,No,No,No,Yes,Yes,Yes,Yes,-6.24,0,0,0,0,0,0.55,0,0,2,3.12
Molecule 82,O=c1[nH]c2ccc(cc2c(c1)C(F)(F)F)N1[C@H](C)CC[C@@H]1[C@H](C(F)(F)F)O,C17H16F6N2O2,394.31,27,10,0.47,4,8,2,89.99,56.33,2.68,3.37,5.86,3.31,4.24,3.89,-4.42,1.51e-02,3.82e-05,Moderately soluble,-4.23,2.32e-02,5.87e-05,Moderately soluble,-5.15,2.77e-03,7.03e-06,Moderately soluble,High,No,Yes,No,No,No,Yes,Yes,-6.31,0,1,0,0,0,0.55,0,0,1,3.48
Molecule 83,C/C(=C\CC/C(=C/CO[P@](=O)(OP(=O)(O)O)O)/C(F)(F)F)/CCC=C(C)C,C15H25F3O7P2,436.30,27,0,0.60,12,10,3,95.97,132.91,2.60,3.08,6.43,2.20,2.90,3.44,-3.69,8.84e-02,2.03e-04,Soluble,-5.54,1.26e-03,2.89e-06,Moderately soluble,-1.90,5.45e+00,1.25e-02,Soluble,Low,No,No,No,No,Yes,No,No,-6.77,0,1,1,2,0,0.56,0,2,2,4.92
Molecule 84,CCC/N=C/1\S/C(=C\c2ccc(c(c2)Cl)OC[C@@H](CO)O)/C(=O)N1c1ccccc1C,C23H25ClN2O4S,460.97,31,12,0.30,8,5,2,130.19,107.66,2.60,3.08,3.78,2.20,2.90,3.44,-3.69,8.84e-02,2.03e-04,Soluble,-5.54,1.26e-03,2.89e-06,Moderately soluble,-1.90,5.45e+00,1.25e-02,Soluble,Low,No,No,No,No,Yes,No,No,-6.77,0,1,1,2,0,0.56,0,2,2,4.92
Molecule 85,OC(=O)[C@@H]1CCCN(C1)CCC=C(c1sccc1C)c1sccc1C,C20H25NO2S2,375.55,25,10,0.45,6,3,1,111.63,97.02,3.48,2.65,4.66,3.32,6.41,4.11,-3.74,6.87e-02,1.83e-04,Soluble,-4.34,1.72e-02,4.59e-05,Moderately soluble,-4.94,4.35e-03,1.16e-05,Moderately soluble,High,No,Yes,No,Yes,Yes,No,No,-6.71,0,0,0,0,0,0.55,0,0,1,3.98
Molecule 86,CCCNC[C@H](COc1ccccc1C(=O)CCc1ccccc1)O,C21H27NO3,341.44,25,12,0.38,11,4,2,100.42,58.56,3.48,3.31,3.24,2.54,4.55,3.42,-3.67,7.28e-02,2.13e-04,Soluble,-4.22,2.08e-02,6.08e-05,Moderately soluble,-6.91,4.19e-05,1.23e-07,Poorly soluble,High,Yes,Yes,Yes,No,No,Yes,Yes,-6.03,0,0,1,0,0,0.55,0,0,1,3.27
Molecule 87,CCOC(=O)CC[C@H](C[C@@H]1CCNC1=O)NC(=O)[C@@H](Cc1ccc(cc1)F)CC(=O)[C@H](C(C)C)NC(=O)c1noc(c1)C,C31H41FN4O7,600.68,43,11,0.55,19,9,3,159.53,156.70,4.41,3.16,3.09,1.58,5.65,3.58,-4.49,1.94e-02,3.23e-05,Moderately soluble,-6.12,4.55e-04,7.57e-07,Poorly soluble,-8.36,2.62e-06,4.36e-09,Poorly soluble,Low,No,Yes,No,No,No,No,Yes,-7.72,2,3,2,1,3,0.17,0,0,2,5.54
Molecule 88,COCCOC[C@@H](C(=O)Oc1ccc2c(c1)CCC2)CC1(CCCC1)C(=O)N[C@@H]1CC[C@@H](CC1)C(=O)O,C29H41NO7,515.64,37,6,0.69,14,7,2,139.55,111.16,3.52,4.02,4.07,2.68,5.11,3.88,-4.77,8.85e-03,1.72e-05,Moderately soluble,-6.06,4.52e-04,8.77e-07,Poorly soluble,-6.21,3.16e-04,6.12e-07,Poorly soluble,High,No,Yes,No,No,No,No,Yes,-6.59,1,3,1,0,0,0.56,0,1,3,4.96
Molecule 89,CCNC(=O)Nc1ncnc2c1ncn2[C@@H]1O[C@@H]([C@@H]2[C@H]1O[C@H](O2)/C=C/c1ccccc1)COP(=O)(O)O,C22H25N6O8P,532.44,37,15,0.36,10,11,4,128.45,188.99,2.09,-0.38,1.17,0.09,-1.15,0.37,-2.54,1.53e+00,2.87e-03,Soluble,-3.13,3.99e-01,7.49e-04,Soluble,-3.04,4.87e-01,9.14e-04,Soluble,Low,No,Yes,No,No,No,No,Yes,-9.82,2,1,1,1,2,0.11,0,1,2,5.47
Molecule 90,CCCCC[C@@H](c1ccc(cc1)N1[C@@H](COCc2ccc(s2)C(=O)OC(C)C)CCC1=O)O,C26H35NO5S,473.62,33,11,0.54,13,5,1,135.40,104.31,3.94,4.94,4.78,3.01,6.36,4.61,-5.28,2.50e-03,5.28e-06,Moderately soluble,-6.87,6.42e-05,1.36e-07,Poorly soluble,-6.68,9.90e-05,2.09e-07,Poorly soluble,High,No,Yes,No,No,Yes,Yes,Yes,-5.68,0,1,1,0,0,0.55,0,0,3,4.51
Molecule 91,CCCc1ccc(c(c1)OC)COc1ccc2c(c1)CCC(=C2C)CN1CC(C1)C(=O)O,C27H33NO4,435.56,32,12,0.44,9,5,1,131.55,59.00,4.29,2.11,4.43,3.58,5.73,4.03,-3.55,1.22e-01,2.80e-04,Soluble,-2.98,4.56e-01,1.05e-03,Soluble,-7.45,1.53e-05,3.52e-08,Poorly soluble,High,Yes,Yes,No,No,No,Yes,Yes,-7.46,0,1,0,0,0,0.55,0,0,2,4.30
Molecule 92,CC(OC(=O)CCC/C=C\C[C@H]1[C@@H](O)C[C@H]([C@@H]1/C=C/[C@H](COc1cccc(c1)C(F)(F)F)O)O)C,C26H35F3O6,500.55,35,6,0.58,14,9,3,126.17,96.22,4.05,4.06,5.58,3.02,5.24,4.39,-4.70,9.89e-03,1.98e-05,Moderately soluble,-5.78,8.21e-04,1.64e-06,Moderately soluble,-4.35,2.23e-02,4.46e-05,Moderately soluble,High,No,Yes,No,No,No,No,Yes,-6.47,1,1,1,0,0,0.55,0,1,3,5.20
Molecule 93,CCCC[C@@H](C(=O)C(=O)Nc1ccn[nH]1)NC(=O)OCC1(CCC1)Cc1ccc(cc1)F,C23H29FN4O4,444.50,32,11,0.48,14,6,3,117.33,113.18,2.74,4.39,3.98,2.45,4.38,3.59,-4.69,9.03e-03,2.03e-05,Moderately soluble,-6.48,1.46e-04,3.28e-07,Poorly soluble,-7.16,3.08e-05,6.92e-08,Poorly soluble,High,No,Yes,Yes,Yes,Yes,Yes,Yes,-5.89,0,0,1,0,0,0.55,0,1,3,3.96
Molecule 94,OC[C@H]1O[C@H]([C@@H]([C@@H]1OP(=O)(OC[C@H]1O[C@H](C[C@@H]1O)n1cnc2c1ncnc2N)S)OC)n1ccc(=O)[nH]c1=O,C20H26N7O10PS,587.50,39,15,0.55,9,13,4,134.84,276.77,2.04,-2.55,-1.69,-2.55,-3.48,-1.64,-1.57,1.59e+01,2.71e-02,Very soluble,-2.72,1.13e+00,1.92e-03,Soluble,-0.94,6.75e+01,1.15e-01,Soluble,Low,No,Yes,No,No,No,No,Yes,-11.69,2,3,1,1,3,0.17,0,2,2,6.03
Molecule 95,O[C@H](Cn1c2ccc(cc2c2c1CCCC2)C)CNC1CCCCC1,C22H32N2O,340.50,25,9,0.64,5,2,2,105.90,37.19,3.72,4.29,4.11,3.38,4.55,4.01,-4.59,8.75e-03,2.57e-05,Moderately soluble,-4.78,5.60e-03,1.64e-05,Moderately soluble,-5.69,6.92e-04,2.03e-06,Moderately soluble,High,Yes,Yes,No,No,No,Yes,No,-5.33,0,0,0,0,0,0.55,1,0,1,3.77
Molecule 96,COc1ccc(cc1)C[C@@H](C(=O)N[C@H](C(=O)N[C@H]([C@H]([C@H](CC(C)C)O)O)CC1CCCCC1)Cc1cnc[nH]1)NC(=O)CC(N)(C)C,C35H56N6O6,656.86,47,11,0.66,21,8,7,181.86,191.69,2.95,3.58,2.52,0.13,4.68,2.78,-4.96,7.28e-03,1.11e-05,Moderately soluble,-7.29,3.36e-05,5.11e-08,Poorly soluble,-7.34,3.00e-05,4.56e-08,Poorly soluble,Low,No,No,No,No,No,No,Yes,-7.77,3,3,2,1,4,0.17,0,0,3,6.19
Molecule 97,CC(C[C@H](NC(=O)c1cccc(c1)N)C[C@@H]([C@H](Cc1ccccc1)NC(=O)COc1c(C)cccc1C)O)C,C32H41N3O4,531.69,39,18,0.38,15,4,4,156.51,113.68,3.87,5.78,4.60,3.37,5.86,4.70,-6.13,3.95e-04,7.42e-07,Poorly soluble,-7.94,6.16e-06,1.16e-08,Poorly soluble,-9.38,2.19e-07,4.12e-10,Poorly soluble,High,No,Yes,No,Yes,No,No,Yes,-5.44,1,3,1,0,1,0.55,0,1,3,4.69
Molecule 98,CCOC(=O)[C@@H](N[C@H](C(=O)N1Cc2ccccc2C[C@H]1C(=O)O)C)CCc1ccccc1,C25H30N2O5,438.52,32,12,0.40,11,6,2,124.49,95.94,2.54,1.24,2.03,2.17,3.39,2.27,-2.89,5.63e-01,1.28e-03,Soluble,-2.85,6.16e-01,1.40e-03,Soluble,-5.89,5.70e-04,1.30e-06,Moderately soluble,High,No,Yes,No,No,No,No,Yes,-8.09,0,0,1,0,0,0.55,0,0,2,4.13
Molecule 99,CCCNC[C@@H](COc1ccccc1C(=O)CCc1ccccc1)O,C21H27NO3,341.44,25,12,0.38,11,4,2,100.42,58.56,3.30,3.31,3.24,2.54,4.55,3.39,-3.67,7.28e-02,2.13e-04,Soluble,-4.22,2.08e-02,6.08e-05,Moderately soluble,-6.91,4.19e-05,1.23e-07,Poorly soluble,High,Yes,Yes,Yes,No,No,Yes,Yes,-6.03,0,0,1,0,0,0.55,0,0,1,3.27
Molecule 100,O[C@H]1C[C@@H](O[C@@H]1COP(=O)(O)O)c1cc(C)c(cc1F)F,C12H15F2O6P,324.21,21,6,0.50,4,8,3,67.72,106.03,1.07,-0.03,2.09,0.71,1.41,1.05,-1.78,5.40e+00,1.66e-02,Very soluble,-1.75,5.81e+00,1.79e-02,Very soluble,-1.92,3.93e+00,1.21e-02,Soluble,High,No,No,No,No,No,No,No,-8.30,0,0,0,0,0,0.56,0,1,0,4.09
Molecule 101,OC[C@@H](COc1ccc(cc1)N1C(=S)N(C(=O)C1(C)C)c1ccc(c(c1)C(F)(F)F)C#N)O,C22H20F3N3O4S,479.47,33,12,0.32,7,8,2,123.92,129.12,3.45,2.90,3.62,1.71,4.29,3.19,-4.45,1.71e-02,3.57e-05,Moderately soluble,-5.27,2.56e-03,5.35e-06,Moderately soluble,-5.43,1.79e-03,3.74e-06,Moderately soluble,High,No,No,No,Yes,Yes,No,Yes,-7.17,0,0,0,0,0,0.55,0,1,1,3.73
Molecule 102,Nc1nc(NC[C@@H]2CC[C@H](CC2)CNCCCNC2CCCCC2)nc(c1)N1CCN(CC1)CCP(=O)(O)O,C27H51N8O3P,566.72,39,6,0.85,14,8,6,166.08,161.71,2.96,-0.09,1.53,1.49,0.51,1.28,-2.49,1.85e+00,3.26e-03,Soluble,-2.85,7.94e-01,1.40e-03,Soluble,-5.32,2.74e-03,4.83e-06,Moderately soluble,Low,No,Yes,No,No,No,No,No,-9.82,3,3,2,1,2,0.17,0,1,2,5.85
Molecule 103,CC(C[C@H](C(=O)NCC(=O)N1CCC(CC1)c1cc(nn1C)c1ccc(c(c1Cl)Cl)OCc1ccc(o1)C(=O)O)NC(=N)N)C,C30H37Cl2N7O6,662.56,45,16,0.43,15,8,5,173.60,188.80,3.51,3.58,3.45,1.41,3.48,3.09,-5.48,2.21e-03,3.34e-06,Moderately soluble,-7.23,3.89e-05,5.88e-08,Poorly soluble,-7.32,3.19e-05,4.81e-08,Poorly soluble,Low,No,Yes,No,No,No,No,Yes,-7.80,2,3,2,1,2,0.17,0,2,3,5.47
Molecule 104,N#Cc1ccc(cc1C(F)(F)F)N[C@@H]([C@](COc1ccc(cc1)[N+](=O)[O-])(O)C)O,C18H16F3N3O5,411.33,29,12,0.28,8,9,3,97.08,131.33,0.85,3.05,4.01,1.39,1.02,2.06,-4.09,3.34e-02,8.13e-05,Moderately soluble,-5.47,1.38e-03,3.36e-06,Moderately soluble,-4.71,8.02e-03,1.95e-05,Moderately soluble,Low,No,Yes,No,Yes,Yes,Yes,Yes,-6.64,0,0,0,0,0,0.55,0,3,2,3.61
Molecule 105,CCCNCC(COc1ccccc1C(=O)CCc1ccccc1)O,C21H27NO3,341.44,25,12,0.38,11,4,2,100.42,58.56,3.48,3.31,3.24,2.54,4.55,3.42,-3.67,7.28e-02,2.13e-04,Soluble,-4.22,2.08e-02,6.08e-05,Moderately soluble,-6.91,4.19e-05,1.23e-07,Poorly soluble,High,Yes,Yes,Yes,No,No,Yes,Yes,-6.03,0,0,1,0,0,0.55,0,0,1,3.27
Molecule 106,C#CCN([C@H](c1ccc(c(c1)F)C)CC1CC1)c1sc(c(n1)c1cc(C)c(cc1Cl)OC)C,C27H28ClFN2OS,483.04,33,17,0.37,8,3,0,137.49,53.60,5.24,8.01,7.63,5.57,9.03,7.10,-7.73,8.90e-06,1.84e-08,Poorly soluble,-8.99,4.96e-07,1.03e-09,Poorly soluble,-9.23,2.84e-07,5.89e-10,Poorly soluble,Low,No,Yes,No,No,Yes,Yes,No,-3.56,1,3,0,1,1,0.55,0,1,3,4.34
Molecule 107,Cc1cc(=O)n(c(c1)C1CCCCC1)OCOP(=O)(O)O,C13H20NO6P,317.27,21,6,0.62,5,6,2,77.07,107.80,1.71,0.84,1.70,1.59,0.81,1.33,-2.22,1.92e+00,6.06e-03,Soluble,-2.69,6.53e-01,2.06e-03,Soluble,-1.67,6.86e+00,2.16e-02,Soluble,High,No,Yes,No,No,No,No,No,-7.64,0,0,0,0,0,0.56,0,2,0,3.40
Molecule 108,CCOC(=O)C1(CCN(CC1)CCOCC1CCCO1)c1ccccc1,C21H31NO4,361.48,26,6,0.67,9,5,0,104.63,48.00,3.79,2.98,2.40,2.11,3.87,3.03,-3.54,1.05e-01,2.92e-04,Soluble,-3.65,8.06e-02,2.23e-04,Soluble,-5.12,2.75e-03,7.62e-06,Moderately soluble,High,Yes,No,No,No,No,Yes,Yes,-6.39,0,0,0,0,0,0.55,0,0,2,3.83
Molecule 109,COc1cccc2c1cc([nH]2)C(=O)N[C@H](C(=O)N[C@H](C(=O)COP(=O)(O)O)C[C@@H]1CCNC1=O)CC(C)C,C24H33N4O9P,552.51,38,9,0.50,15,9,6,140.35,205.96,0.72,0.51,0.63,-1.10,1.84,0.52,-2.77,9.34e-01,1.69e-03,Soluble,-4.41,2.17e-02,3.93e-05,Moderately soluble,-4.68,1.15e-02,2.08e-05,Moderately soluble,Low,No,No,No,No,No,No,No,-9.31,3,3,2,1,2,0.11,0,1,2,4.74
Molecule 110,OC(=O)CC[C@@H](C(=O)N(CCCC1CCCCC1)C)NC(=O)N(Cc1ccc(cc1)OP(=O)(O)O)CC(=O)O,C25H38N3O10P,571.56,39,6,0.60,18,10,5,141.42,203.82,1.58,1.85,2.65,0.75,0.71,1.51,-3.48,1.91e-01,3.35e-04,Soluble,-5.75,1.01e-03,1.77e-06,Moderately soluble,-2.82,8.73e-01,1.53e-03,Soluble,Low,No,Yes,No,Yes,No,No,No,-8.47,2,3,2,1,2,0.11,0,1,2,4.61
Molecule 111,CNC(=O)[C@H](N1CCc2c([C@@H]1CCc1ccc(cc1)C(F)(F)F)cc(c(c2)OC)OC)c1ccccc1,C29H31F3N2O3,512.56,37,18,0.34,10,7,1,139.87,50.80,4.11,6.01,5.86,3.97,6.25,5.24,-6.50,1.61e-04,3.13e-07,Poorly soluble,-6.85,7.16e-05,1.40e-07,Poorly soluble,-9.56,1.41e-07,2.74e-10,Poorly soluble,High,No,Yes,No,No,No,Yes,Yes,-5.16,1,3,0,0,1,0.55,0,0,3,4.24
Molecule 112,CCCC[C@@H](C(=O)N[C@H](C(=O)Nc1ccc(cc1)[N+](=O)[O-])CC(C)C)OP(=O)(O)O,C18H28N3O8P,445.40,30,6,0.56,14,8,4,112.72,180.59,1.88,2.07,2.54,0.31,-0.23,1.31,-3.13,3.30e-01,7.42e-04,Soluble,-5.49,1.44e-03,3.22e-06,Moderately soluble,-3.19,2.86e-01,6.41e-04,Soluble,Low,No,Yes,No,Yes,Yes,No,No,-7.55,1,0,2,1,1,0.11,0,3,2,4.17
Molecule 113,OC(=O)COc1ccc(cc1P(=O)(O)O)C[C@@H](C(=O)N[C@H]1CCCCN(C1=O)Cc1ccc(cc1)c1ccccc1)NC(=O)C,C32H36N3O9P,637.62,45,18,0.31,14,9,5,169.86,192.38,2.23,2.01,1.83,0.81,2.40,1.86,-4.43,2.36e-02,3.70e-05,Moderately soluble,-5.68,1.34e-03,2.10e-06,Moderately soluble,-7.37,2.70e-05,4.24e-08,Poorly soluble,Low,No,Yes,No,No,No,No,No,-8.76,2,3,2,1,2,0.11,0,1,2,5.05
Molecule 114,CCNCCc1ccc(cc1)CN(c1cc(OC)ccc1[C@@H]1CCc2c(C1)ccc(c2)O)CC,C30H38N2O2,458.63,34,18,0.40,10,3,2,142.57,44.73,4.51,6.30,5.70,4.37,6.48,5.47,-6.38,1.89e-04,4.13e-07,Poorly soluble,-7.03,4.30e-05,9.37e-08,Poorly soluble,-9.91,5.58e-08,1.22e-10,Poorly soluble,High,Yes,Yes,No,No,No,Yes,Yes,-4.62,1,3,0,0,1,0.55,0,0,3,4.07
Molecule 115,N#Cc1ccc(cc1C(F)(F)F)N1CCC[C@@H]1[C@H](C(F)(F)F)O,C14H12F6N2O,338.25,23,6,0.50,4,8,1,71.77,47.26,2.52,3.70,5.50,2.59,3.53,3.57,-4.20,2.15e-02,6.35e-05,Moderately soluble,-4.38,1.40e-02,4.14e-05,Moderately soluble,-3.91,4.13e-02,1.22e-04,Soluble,High,Yes,No,No,No,No,Yes,Yes,-5.74,0,0,0,0,0,0.55,0,0,1,3.07
Molecule 116,CCCCC[C@@H](/C=C/[C@H]1[C@H](O)C[C@H]2[C@@H]1C/C(=C/CCCC(=O)O)/O2)O,C20H32O5,352.47,25,0,0.75,10,5,3,98.26,86.99,3.42,2.94,3.41,1.98,3.41,3.03,-3.22,2.14e-01,6.06e-04,Soluble,-4.43,1.31e-02,3.73e-05,Moderately soluble,-2.21,2.17e+00,6.17e-03,Soluble,High,No,Yes,No,No,No,No,No,-6.36,0,0,0,0,0,0.56,0,1,2,5.32
Molecule 117,OC(=O)CC[C@@H](C(=O)O)NC(=O)N[C@H](C(=O)O)CCCCNC(=O)Nc1ccc(cc1)[123I],C19H25IN4O8,560.33,32,6,0.42,17,8,7,121.05,194.16,1.47,0.90,1.46,1.31,0.60,1.15,-2.90,7.09e-01,1.27e-03,Soluble,-4.56,1.53e-02,2.74e-05,Moderately soluble,-3.84,8.04e-02,1.44e-04,Soluble,Low,No,Yes,No,No,No,No,No,-9.08,3,1,2,1,3,0.11,0,1,2,3.95
Molecule 118,CN(CC/C=C(/CC/C=C(/CCC=C(C)C)\C)\C)CCO[P@@](=O)(OP(=O)(O)O)O,C19H37NO7P2,453.45,29,0,0.68,15,8,3,117.90,136.15,1.47,0.90,4.95,1.31,0.60,1.15,-2.90,7.09e-01,1.27e-03,Soluble,-4.56,1.53e-02,2.74e-05,Moderately soluble,-3.84,8.04e-02,1.44e-04,Soluble,Low,No,Yes,No,No,No,No,No,-9.08,3,1,2,1,3,0.11,0,1,2,3.95
Molecule 119,CCCCCC[P@@](=O)(OC[C@@H](Cc1ccccc1)C)O,C16H27O3P,298.36,20,6,0.62,10,3,1,85.58,56.34,3.43,4.02,4.65,3.42,3.61,3.83,-3.78,4.90e-02,1.64e-04,Soluble,-4.91,3.71e-03,1.24e-05,Moderately soluble,-5.23,1.77e-03,5.93e-06,Moderately soluble,High,Yes,Yes,No,No,No,Yes,Yes,-5.27,0,0,0,0,0,0.55,0,1,2,4.42
Molecule 120,COc1cc(CCNCC(COc2cccc(c2)C)O)ccc1OC,C20H27NO4,345.43,25,12,0.40,10,5,2,98.56,59.95,4.03,3.00,2.58,2.10,3.96,3.13,-3.57,9.36e-02,2.71e-04,Soluble,-3.92,4.12e-02,1.19e-04,Soluble,-6.41,1.36e-04,3.94e-07,Poorly soluble,High,Yes,Yes,No,No,No,Yes,No,-6.28,0,0,0,0,0,0.55,0,0,1,3.17
Molecule 121,N#Cc1ccc(cc1)c1csc(n1)[C@@H]([C@@](c1ccc(cc1F)F)(Cn1cncn1)OCOP(=O)(O)O)C,C23H20F2N5O5PS,547.47,37,22,0.22,10,11,2,128.27,181.43,2.02,2.39,5.07,1.50,3.95,2.98,-4.52,1.65e-02,3.02e-05,Moderately soluble,-5.84,7.89e-04,1.44e-06,Moderately soluble,-6.54,1.59e-04,2.90e-07,Poorly soluble,Low,No,Yes,No,No,No,No,Yes,-7.94,1,1,1,1,2,0.11,0,2,2,4.83
Molecule 122,[N-]=[N+]=N[C@H]1C[C@@H](O[C@@H]1COP(=O)(OP(=O)(O)O)O)n1cc(C)c(=O)[nH]c1=O,C10H15N5O10P2,427.20,27,6,0.60,7,13,4,83.55,246.75,-0.30,-2.14,-0.29,-2.67,-2.96,-1.67,-0.84,6.13e+01,1.44e-01,Very soluble,-2.51,1.31e+00,3.07e-03,Soluble,0.57,1.61e+03,3.76e+00,Soluble,Low,No,Yes,No,No,No,No,No,-10.43,1,0,1,1,3,0.11,1,4,1,4.75
Molecule 123,CC(CCNc1ncnc2c1ncn2[C@@H]1O[C@@H]([C@H]([C@H]1O)O)COP(=O)(O)O)C,C15H24N5O7P,417.35,28,9,0.67,8,10,5,97.71,181.89,1.14,-1.17,-0.50,-1.29,-1.84,-0.73,-1.40,1.66e+01,3.98e-02,Very soluble,-2.16,2.91e+00,6.97e-03,Soluble,-0.72,7.90e+01,1.89e-01,Soluble,Low,No,No,No,No,No,No,No,-9.68,1,1,1,1,1,0.11,0,1,2,4.84
Molecule 124,CCCCCCCOc1ccc(cc1C(F)(F)F)CCC(CO)(CO)N,C19H30F3NO3,377.44,26,6,0.68,13,7,3,96.04,75.71,3.62,3.85,4.82,3.03,4.96,4.06,-3.92,4.55e-02,1.21e-04,Soluble,-5.14,2.76e-03,7.31e-06,Moderately soluble,-5.94,4.34e-04,1.15e-06,Moderately soluble,High,No,Yes,No,No,No,Yes,No,-5.87,0,0,1,0,0,0.55,0,0,3,3.08
Molecule 125,N#Cc1cc(ccc1OCC(C)C)c1nc(c(s1)C(=O)O)C,C16H16N2O3S,316.37,22,11,0.31,5,5,1,85.10,111.45,2.84,3.90,3.72,1.46,4.50,3.28,-4.30,1.59e-02,5.03e-05,Moderately soluble,-5.94,3.64e-04,1.15e-06,Moderately soluble,-4.61,7.80e-03,2.47e-05,Moderately soluble,High,No,No,Yes,Yes,Yes,No,No,-5.46,0,0,0,0,0,0.56,0,0,1,3.12
Molecule 126,O[C@@H]1[C@H](O)[C@H](O[C@H]1n1cc2c3c1ncnc3n(nc2N)C)COP(=O)(O)O,C13H17N6O7P,400.28,27,12,0.46,4,10,5,90.34,200.81,0.22,-3.27,-1.69,-2.04,-3.61,-2.08,-0.33,1.89e+02,4.71e-01,Very soluble,-0.37,1.69e+02,4.22e-01,Very soluble,0.86,2.88e+03,7.19e+00,Soluble,Low,No,No,No,No,No,No,No,-11.06,1,1,1,1,2,0.11,0,1,1,4.52
Molecule 127,CCC(C(=O)O[C@H]1C[C@@H](C)C=C2[C@H]1[C@@H](CC[C@H](C[C@H](CC(=O)O)O)O)[C@H](C=C2)C)(C)C,C25H40O6,436.58,31,0,0.76,11,6,3,122.23,104.06,3.66,4.47,4.11,2.96,3.42,3.73,-4.64,1.01e-02,2.31e-05,Moderately soluble,-6.37,1.84e-04,4.22e-07,Poorly soluble,-2.69,8.83e-01,2.02e-03,Soluble,High,No,Yes,No,No,No,No,Yes,-5.79,0,1,1,0,0,0.56,0,0,3,5.93
Molecule 128,O=C(c1ccc2c(c1)CC[C@H]1[C@]2(CC[C@](C1)(OP(=O)(O)O)C(F)(F)F)Cc1ccccc1)Nc1cccnc1C,C29H30F3N2O5P,574.53,40,18,0.38,8,9,3,144.25,118.56,2.22,5.00,7.35,3.64,5.37,4.72,-6.36,2.52e-04,4.39e-07,Poorly soluble,-7.23,3.39e-05,5.90e-08,Poorly soluble,-9.04,5.22e-07,9.08e-10,Poorly soluble,Low,No,Yes,No,No,No,Yes,Yes,-6.25,1,3,0,1,0,0.56,0,1,3,4.86
Molecule 129,CCCCCC[P@@](=O)(OC[C@H](Cc1ccccc1)C)O,C16H27O3P,298.36,20,6,0.62,10,3,1,85.58,56.34,2.67,4.02,4.65,3.42,3.61,3.67,-3.78,4.90e-02,1.64e-04,Soluble,-4.91,3.71e-03,1.24e-05,Moderately soluble,-5.23,1.77e-03,5.93e-06,Moderately soluble,High,Yes,Yes,No,No,No,No,Yes,-5.27,0,0,0,0,0,0.55,0,1,2,4.42
Molecule 130,O[C@H]1C[C@@H](O[C@@H]1COP(=O)(O)O)n1ccc2c1cccc2C,C14H18NO6P,327.27,22,9,0.43,4,6,3,79.60,110.96,0.96,0.08,1.38,0.15,0.07,0.53,-1.96,3.60e+00,1.10e-02,Very soluble,-1.96,3.55e+00,1.09e-02,Very soluble,-1.42,1.25e+01,3.83e-02,Soluble,High,No,No,No,No,No,No,No,-8.24,0,0,0,0,0,0.56,0,1,0,4.07
Molecule 131,O[C@@H]1[C@H](O)[C@H](O[C@H]1n1cnc2c1ncn(c2=N)C1O[C@@H]([C@H]([C@H]1O)O)COP(=O)(O)O)COP(=O)(OP(=O)(OP(=O)(O)O)O)O,C15H25N5O20P4,719.28,44,9,0.67,12,23,11,131.58,424.69,-3.23,-8.87,-4.25,-5.97,-8.47,-6.16,1.93,6.11e+04,8.50e+01,Highly soluble,0.73,3.90e+03,5.43e+00,Highly soluble,5.96,6.50e+08,9.04e+05,Soluble,Low,No,Yes,No,No,No,No,No,-16.99,3,3,2,1,5,0.11,0,1,2,6.33
Molecule 132,OC(=O)CC[C@@H](C(=O)O)NC(=O)N[C@H](C(=O)O)CCCCNC(=O)Nc1ccc(cc1)[131I],C19H25IN4O8,568.33,32,6,0.42,17,8,7,121.05,194.16,1.47,0.90,1.46,1.31,0.60,1.15,-2.95,6.42e-01,1.13e-03,Soluble,-4.56,1.56e-02,2.74e-05,Moderately soluble,-3.84,8.16e-02,1.44e-04,Soluble,Low,No,Yes,No,No,No,No,No,-9.13,3,1,2,1,3,0.11,0,1,2,3.95
Molecule 133,O=C(Nc1ccc(c(c1)C(F)(F)F)Cl)CC(=O)C,C11H9ClF3NO2,279.64,18,6,0.27,5,5,1,60.58,46.17,1.61,3.73,4.24,2.69,3.40,3.14,-3.84,4.04e-02,1.44e-04,Soluble,-4.39,1.14e-02,4.06e-05,Moderately soluble,-4.64,6.44e-03,2.30e-05,Moderately soluble,High,Yes,No,Yes,Yes,No,No,No,-5.36,0,0,0,0,0,0.55,0,1,1,1.66
Molecule 134,CCCCC/C=C\C/C=C\C=C\C=C\[C@H]([C@H](CCCC(=O)O)O)SC[C@@H](C(=O)NCC(=O)O)NC(=O)CC[C@@H](C(=O)O)N,C30H47N3O9S,625.77,43,0,0.57,27,10,7,167.21,241.65,1.61,3.73,2.78,2.69,3.40,3.14,-3.84,4.04e-02,1.44e-04,Soluble,-4.39,1.14e-02,4.06e-05,Moderately soluble,-4.64,6.44e-03,2.30e-05,Moderately soluble,High,Yes,No,Yes,Yes,No,No,No,-5.36,0,0,0,0,0,0.55,0,1,1,1.66
Molecule 135,CCCC[C@@H]([P@](=O)(Oc1ccccc1)O)NC(=O)CCC(=O)O,C15H22NO6P,343.31,23,6,0.47,11,6,3,85.99,122.74,2.00,1.45,2.75,1.20,1.02,1.68,-2.35,1.54e+00,4.48e-03,Soluble,-3.63,7.99e-02,2.33e-04,Soluble,-3.38,1.43e-01,4.17e-04,Soluble,High,No,No,No,No,No,No,No,-7.36,0,0,1,0,0,0.56,0,1,1,4.42
Molecule 136,OC(=O)Cc1cccc(c1)OCC[C@H](N(CC(c1ccccc1)c1ccccc1)Cc1cccc(c1Cl)C(F)(F)F)C,C34H33ClF3NO3,596.08,42,24,0.26,14,7,1,159.69,49.77,3.88,6.32,9.48,6.49,8.74,6.98,-7.02,5.74e-05,9.64e-08,Poorly soluble,-7.15,4.18e-05,7.00e-08,Poorly soluble,-12.11,4.61e-10,7.73e-13,Insoluble,Low,No,Yes,No,No,No,Yes,Yes,-5.45,2,4,1,1,1,0.17,0,0,3,4.34
Molecule 137,NCc1cccc(c1)[C@@H](C(=O)O)CP(=O)([C@H](C(C)C)NS(=O)(=O)CCCc1ccccc1)O,C23H33N2O6PS,496.56,33,12,0.43,13,8,4,130.19,164.98,1.75,-0.43,4.05,1.68,2.16,1.84,-2.06,4.34e+00,8.73e-03,Soluble,-2.57,1.34e+00,2.69e-03,Soluble,-6.12,3.78e-04,7.62e-07,Poorly soluble,Low,No,Yes,No,No,No,Yes,Yes,-9.63,0,2,2,1,1,0.55,0,1,2,5.53
Molecule 138,OC(=O)C(NCc1c(cnc(c1O)C)COP(=O)(O)O)(C)C,C12H19N2O7P,334.26,22,6,0.50,7,9,5,77.07,159.02,0.47,-3.26,0.35,-3.68,-0.12,-1.25,0.40,8.43e+02,2.52e+00,Highly soluble,0.49,1.04e+03,3.11e+00,Highly soluble,-1.48,1.12e+01,3.35e-02,Soluble,Low,No,No,No,No,No,No,No,-10.65,0,0,1,1,2,0.11,0,1,0,2.83
Molecule 139,[N-]=[N+]=N[C@H]1C[C@@H](O[C@@H]1COP(=O)(O)O)n1cc(C)c(=O)[nH]c1=O,C10H14N5O7P,347.22,23,6,0.60,5,10,3,72.64,190.41,0.09,-1.05,-0.40,-1.99,-1.90,-1.05,-1.19,2.22e+01,6.39e-02,Very soluble,-2.46,1.20e+00,3.47e-03,Soluble,-0.31,1.71e+02,4.93e-01,Soluble,Low,No,No,No,No,No,No,No,-9.16,1,1,1,1,1,0.11,1,4,0,4.35
Molecule 140,O=C(c1ccc(cc1)OC(F)(F)F)NCCOP(=O)(O)O,C10H11F3NO6P,329.17,21,6,0.30,8,9,3,63.00,114.90,0.98,0.60,2.68,0.21,0.72,1.04,-1.94,3.76e+00,1.14e-02,Very soluble,-2.59,8.53e-01,2.59e-03,Soluble,-2.42,1.26e+00,3.83e-03,Soluble,High,No,No,No,No,No,No,No,-7.88,0,0,0,0,0,0.56,0,1,1,2.21
Molecule 141,O=C(N[C@H](C(=O)O)CCC(=O)O)N[C@H](C(=O)O)CCCCNCc1ccc(cc1)[123I],C19H26IN3O7,531.33,30,6,0.47,16,8,6,116.12,165.06,2.16,-1.01,1.47,1.42,1.76,1.16,-1.59,1.37e+01,2.57e-02,Very soluble,-1.97,5.70e+00,1.07e-02,Very soluble,-4.28,2.77e-02,5.21e-05,Moderately soluble,Low,No,Yes,No,No,No,No,No,-10.26,2,1,2,1,3,0.11,0,1,2,3.66
Molecule 142,O=c1[nH]c(=O)n(cc1C)[C@H]1CC[C@H](O1)COP(=O)(O)O,C10H15N2O7P,306.21,20,6,0.60,4,7,3,67.82,140.66,0.58,-1.70,-0.69,-1.17,-0.33,-0.66,-0.63,7.25e+01,2.37e-01,Very soluble,-0.74,5.56e+01,1.82e-01,Very soluble,-0.42,1.17e+02,3.83e-01,Soluble,Low,No,No,No,No,No,No,No,-9.37,0,1,1,1,0,0.56,0,1,0,3.87
Molecule 143,CCCCCCC(c1cc(OC(=O)/C=C/C(=O)O)c(c(c1)O)[C@H]1CC(=O)[C@H]2C[C@@H]1C2(C)C)(C)C,C28H38O6,470.60,34,6,0.61,11,6,2,133.31,100.90,3.79,6.58,5.91,3.85,6.18,5.26,-6.31,2.32e-04,4.92e-07,Poorly soluble,-8.50,1.49e-06,3.18e-09,Poorly soluble,-5.96,5.12e-04,1.09e-06,Moderately soluble,Low,No,Yes,No,No,Yes,No,Yes,-4.50,0,3,1,1,1,0.56,0,2,3,5.69
Molecule 144,O=CN(/C(=C(\SC(=O)c1ccccc1)/CCOP(=O)(O)O)/C)Cc1cnc(nc1N)C,C19H23N4O6PS,466.45,31,12,0.26,11,8,3,117.60,191.05,1.52,0.52,2.49,0.21,1.10,1.17,-2.62,1.12e+00,2.40e-03,Soluble,-4.10,3.68e-02,7.89e-05,Moderately soluble,-3.70,9.29e-02,1.99e-04,Soluble,Low,No,Yes,No,No,No,No,No,-8.78,0,0,2,1,1,0.11,0,3,2,4.05
Molecule 145,Fc1cccc(c1)C1=N[C@H](NC(=O)[C@@H]([C@@H](C(=O)N)CCC(F)(F)F)CCC(F)(F)F)C(=O)Nc2c1cccc2C,C26H25F7N4O3,574.49,40,12,0.38,12,11,3,137.32,113.65,2.89,4.83,6.76,3.12,6.43,4.81,-5.87,7.67e-04,1.33e-06,Moderately soluble,-6.95,6.45e-05,1.12e-07,Poorly soluble,-8.96,6.23e-07,1.08e-09,Poorly soluble,Low,No,Yes,No,No,No,No,Yes,-6.38,1,3,1,1,1,0.55,0,0,3,5.11
Molecule 146,CCCCCCCCc1ccc(cc1)CCC(CO)(CO)N,C19H33NO2,307.47,22,6,0.68,12,3,3,94.32,66.48,3.76,4.16,3.20,3.01,4.62,3.75,-3.78,5.14e-02,1.67e-04,Soluble,-5.26,1.67e-03,5.44e-06,Moderately soluble,-5.76,5.32e-04,1.73e-06,Moderately soluble,High,Yes,Yes,No,No,No,Yes,Yes,-5.22,0,0,1,0,0,0.55,0,0,2,2.27
Molecule 147,O=C(NCC(=O)O)CCC[P@@](=O)(OCc1ccc(cc1)[N+](=O)[O-])O,C13H17N2O8P,360.26,24,6,0.38,11,8,3,84.76,168.56,1.04,-0.54,1.13,-0.45,-1.65,-0.09,-1.19,2.31e+01,6.42e-02,Very soluble,-2.53,1.06e+00,2.95e-03,Soluble,-2.31,1.76e+00,4.88e-03,Soluble,Low,No,No,No,Yes,No,No,No,-8.88,0,0,2,1,1,0.11,0,3,2,3.60
Molecule 148,CCCCCCCCCCCCCCCCOCCCOP(=O)(CO[C@@H](Cn1cnc2c1ncnc2N)C)O,C28H52N5O5P,569.72,39,9,0.82,25,8,2,159.82,144.42,5.10,6.69,6.87,1.88,5.38,5.18,-6.11,4.45e-04,7.80e-07,Poorly soluble,-9.53,1.70e-07,2.98e-10,Poorly soluble,-8.30,2.84e-06,4.99e-09,Poorly soluble,Low,No,No,No,No,No,No,Yes,-5.03,1,4,2,2,2,0.55,0,1,3,6.14
Molecule 149,O=c1[nH]c(=O)n(cc1C)[C@H]1C[C@@H]([C@H](O1)COP(=O)(O)O)OP(=O)(O)O,C10H16N2O11P2,402.19,25,6,0.60,6,11,5,79.89,217.23,0.13,-3.50,-1.60,-2.66,-2.27,-1.98,0.09,4.95e+02,1.23e+00,Highly soluble,-0.48,1.33e+02,3.30e-01,Very soluble,1.27,7.51e+03,1.87e+01,Soluble,Low,No,No,No,No,No,No,No,-11.24,1,1,1,1,3,0.11,0,1,1,4.36
Molecule 150,CC(=O)N[C@H](C(=O)N[C@H]1CCCCc2c1cc(C(=O)N)c(c2)OCC1CCCCC1)Cc1ccc(c(c1)P(=O)(O)O)P(=O)(O)O,C30H41N3O10P2,665.61,45,12,0.50,13,10,7,167.88,245.20,1.40,0.98,1.66,0.57,1.11,1.14,-3.92,7.94e-02,1.19e-04,Soluble,-5.72,1.28e-03,1.92e-06,Moderately soluble,-5.43,2.48e-03,3.73e-06,Moderately soluble,Low,No,No,No,No,No,No,No,-9.66,3,3,2,1,3,0.11,0,1,2,5.47
Molecule 151,O[C@@H]1[C@H](O)[C@H](O[C@@H]1n1cnc2c1cc(C)c(c2)C)COP(=O)(O)O,C14H19N2O7P,358.28,24,9,0.50,4,8,4,83.52,144.08,0.37,-1.09,0.06,-0.75,-0.85,-0.45,-1.39,1.47e+01,4.09e-02,Very soluble,-1.45,1.28e+01,3.58e-02,Very soluble,-0.61,8.88e+01,2.48e-01,Soluble,Low,No,No,No,No,No,No,No,-9.26,0,0,1,1,0,0.56,0,1,1,4.40
Molecule 152,O=c1[nH]c(=O)c2c(n1)n(C[C@@H]([C@@H]([C@@H](COP(=O)(O)O)O)O)O)c1c(n2)cc(c(c1)C)C,C17H21N4O9P,456.34,31,14,0.41,7,11,6,107.90,217.90,0.35,-2.56,-1.56,-1.25,-0.05,-1.01,-0.93,5.38e+01,1.18e-01,Very soluble,-1.47,1.54e+01,3.38e-02,Very soluble,-1.73,8.48e+00,1.86e-02,Soluble,Low,No,No,No,No,No,No,No,-10.90,2,1,1,1,4,0.11,0,2,1,4.41
Molecule 153,O=C(N[C@@H]1O[C@@H]([C@H]([C@H]1O)O)COP(=O)(O)O)CNC[C@@](c1ccc(cc1)C(=O)N[C@H](C(=O)O)CCC(=O)O)(Cc1ccc2c(c1)c(=O)nc([nH]2)N)O,C30H37N6O15P,752.62,52,16,0.40,19,17,12,175.47,363.09,-0.38,-6.72,-2.86,-2.92,-1.78,-2.93,0.75,4.27e+03,5.67e+00,Highly soluble,-0.20,4.72e+02,6.27e-01,Very soluble,-3.01,7.41e-01,9.84e-04,Soluble,Low,No,Yes,No,No,No,No,No,-15.66,3,4,2,1,6,0.11,0,1,2,6.19
Molecule 154,Fc1ccc2c(c1)c(CCCOP(=O)(O)O)c[nH]2,C11H13FNO4P,273.20,18,9,0.27,5,5,3,64.91,92.36,0.57,1.46,2.77,0.95,2.23,1.59,-2.49,8.77e-01,3.21e-03,Soluble,-3.01,2.70e-01,9.87e-04,Soluble,-3.38,1.13e-01,4.12e-04,Soluble,High,No,No,No,No,No,No,No,-6.93,0,0,0,0,0,0.56,0,1,0,2.43
Molecule 155,CCCCC/C=C\C=C\[C@H](CCCCCCCC(=O)O)O,C18H32O3,296.44,21,0,0.72,14,3,2,90.63,57.53,0.57,1.46,4.86,0.95,2.23,1.59,-2.49,8.77e-01,3.21e-03,Soluble,-3.01,2.70e-01,9.87e-04,Soluble,-3.38,1.13e-01,4.12e-04,Soluble,High,No,No,No,No,No,No,No,-6.93,0,0,0,0,0,0.56,0,1,0,2.43
Molecule 156,O[C@@H]1[C@H](O)[C@H](O[C@@H]1n1cnc2c1cccc2)COP(=O)(O)O,C12H15N2O7P,330.23,22,9,0.42,4,8,4,73.59,144.08,-0.94,-1.82,-0.56,-1.28,-1.84,-1.29,-0.78,5.49e+01,1.66e-01,Very soluble,-0.69,6.77e+01,2.05e-01,Very soluble,0.15,4.66e+02,1.41e+00,Soluble,Low,No,No,No,No,No,No,No,-9.61,0,1,1,1,0,0.56,0,1,0,4.23
Molecule 157,O[C@@H]1[C@H](O)[C@H](O[C@H]1c1[nH]nc2c1ncnc2N)COP(=O)(O)O,C10H14N5O7P,347.22,23,9,0.50,4,10,6,73.65,206.74,-0.86,-3.88,-2.11,-3.06,-2.49,-2.48,0.43,9.26e+02,2.67e+00,Highly soluble,0.13,4.72e+02,1.36e+00,Highly soluble,0.44,9.54e+02,2.75e+00,Soluble,Low,No,No,No,No,No,No,No,-11.17,2,1,1,1,3,0.11,0,1,0,4.26
Molecule 158,CCC(=O)N1CC[C@@H](C1)Nc1ncnc2c1CN(CC2)c1cnc(c(c1)C(F)(F)F)OC,C21H25F3N6O2,450.46,32,12,0.52,7,8,1,118.85,83.48,3.55,2.49,2.93,1.67,2.70,2.67,-4.02,4.33e-02,9.62e-05,Moderately soluble,-3.89,5.83e-02,1.29e-04,Soluble,-5.86,6.22e-04,1.38e-06,Moderately soluble,High,No,Yes,No,Yes,No,Yes,Yes,-7.28,0,0,0,0,0,0.55,0,0,1,4.06
Molecule 159,CSc1nc(NCCC(C)C)c2c(n1)n(cn2)[C@@H]1O[C@@H]([C@H]([C@H]1O)O)COP(=O)(O)O,C16H26N5O7PS,463.45,30,9,0.69,9,10,5,109.43,207.19,2.20,0.22,0.22,-1.59,-1.20,-0.03,-2.48,1.53e+00,3.31e-03,Soluble,-4.13,3.43e-02,7.40e-05,Moderately soluble,-1.18,3.09e+01,6.67e-02,Soluble,Low,No,Yes,No,No,No,No,No,-8.97,1,0,1,1,1,0.11,0,1,2,5.04
Molecule 160,OC[C@@]([C@@H](COP(=O)(OP(=O)(OC[C@H]1O[C@H]([C@@H]([C@@H]1O)O)n1ccc(nc1=O)N)O)O)O)(OP(=O)(O)O)C,C14H26N3O17P3,601.29,37,6,0.71,13,18,9,116.06,349.54,-1.20,-7.66,-3.40,-4.77,-5.82,-4.57,2.00,5.96e+04,9.90e+01,Highly soluble,1.06,6.86e+03,1.14e+01,Highly soluble,3.88,4.61e+06,7.67e+03,Soluble,Low,No,Yes,No,No,No,No,No,-15.41,3,2,2,1,5,0.11,0,1,2,5.89
Molecule 161,O[C@@H]([C@H](c1c[nH]c2c1cccc2)O)COP(=O)(O)O,C11H14NO6P,287.21,19,9,0.27,5,6,5,67.27,132.82,0.09,-1.20,0.35,-1.08,0.27,-0.31,-0.89,3.74e+01,1.30e-01,Very soluble,-1.10,2.31e+01,8.03e-02,Very soluble,-1.24,1.66e+01,5.77e-02,Soluble,High,No,No,No,No,No,No,No,-8.90,0,0,0,1,0,0.56,0,1,0,3.33
Molecule 162,CC[C@@H]([C@H](C(=O)O)NCc1c(cnc(c1O)C)COP(=O)(O)O)C,C14H23N2O7P,362.32,24,6,0.57,9,9,5,86.65,159.02,0.83,-2.13,0.99,-3.15,0.65,-0.56,-0.34,1.67e+02,4.62e-01,Very soluble,-0.68,7.56e+01,2.09e-01,Very soluble,-1.91,4.47e+00,1.23e-02,Soluble,Low,No,Yes,No,Yes,No,No,No,-10.02,0,0,1,1,2,0.11,0,1,2,3.67
Molecule 163,OC(=O)C1(CC1)NCc1c(cnc(c1O)C)COP(=O)(O)O,C12H17N2O7P,332.25,22,6,0.50,7,9,5,74.96,159.02,0.20,-4.06,0.05,-3.68,0.03,-1.49,0.92,2.75e+03,8.28e+00,Highly soluble,1.32,6.98e+03,2.10e+01,Highly soluble,-1.47,1.12e+01,3.37e-02,Soluble,Low,No,No,No,No,No,No,No,-11.21,0,0,1,1,2,0.11,0,1,0,2.70
Molecule 164,CCCCN(CCC(c1cc2c(Cl)cc(cc2c2c1ccc(c2)C(F)(F)F)Cl)O)CCCC,C26H30Cl2F3NO,500.42,33,14,0.46,11,5,1,133.57,23.47,4.96,8.61,9.47,6.48,8.78,7.66,-7.95,5.55e-06,1.11e-08,Poorly soluble,-8.98,5.26e-07,1.05e-09,Poorly soluble,-10.51,1.54e-08,3.08e-11,Insoluble,Low,No,Yes,No,No,No,Yes,Yes,-3.24,2,3,1,1,1,0.17,0,1,3,3.42
Molecule 165,CCCCCC[P@@](=O)(O[C@H]1C[C@@H](C)CC[C@@H]1C(C)C)O,C16H33O3P,304.41,20,0,1.00,8,3,1,87.82,56.34,3.14,4.75,5.23,3.33,3.14,3.92,-4.19,1.96e-02,6.43e-05,Moderately soluble,-5.66,6.61e-04,2.17e-06,Moderately soluble,-3.65,6.86e-02,2.25e-04,Soluble,High,Yes,No,No,No,No,Yes,No,-4.78,0,0,0,0,0,0.55,0,1,2,5.60
Molecule 166,CCCCCCCCCCCC[P+](CC(P(=O)(O)O)P(=O)(O)O)(C)C,C16H38O6P3+,419.39,25,0,1.00,15,6,4,110.03,148.27,1.88,2.05,4.87,2.34,1.82,2.59,-2.74,7.60e-01,1.81e-03,Soluble,-4.79,6.77e-03,1.61e-05,Moderately soluble,-3.70,8.33e-02,1.99e-04,Soluble,Low,No,Yes,No,No,No,No,Yes,-7.40,0,0,2,1,0,0.56,0,1,2,5.26
Molecule 167,O[C@@H]1[C@H](O)[C@H](O[C@@H]1n1cnc2c1ccc(c2)C)COP(=O)(O)O,C13H17N2O7P,344.26,23,9,0.46,4,8,4,78.56,144.08,0.41,-1.45,-0.25,-1.01,-1.35,-0.73,-1.09,2.82e+01,8.19e-02,Very soluble,-1.07,2.92e+01,8.47e-02,Very soluble,-0.23,2.04e+02,5.92e-01,Soluble,Low,No,No,No,No,No,No,No,-9.43,0,0,1,1,0,0.56,0,1,0,4.28
Molecule 168,FC(Oc1ccc(cc1)S(=O)(=O)NCCOP(=O)(O)O)(F)F,C9H11F3NO7PS,365.22,22,6,0.33,8,11,3,65.90,140.35,0.16,0.29,3.31,-0.54,-0.23,0.60,-1.96,4.00e+00,1.09e-02,Very soluble,-2.80,5.80e-01,1.59e-03,Soluble,-2.37,1.56e+00,4.28e-03,Soluble,Low,No,No,No,No,No,No,No,-8.32,0,0,1,1,1,0.56,0,1,2,2.85
Molecule 169,OC(=O)C[C@@H](C(=O)O)Nc1ncnc2c1ncn2[C@@H]1O[C@@H]([C@H]([C@H]1O)O)COP(=O)(O)O,C14H18N5O11P,463.29,31,9,0.50,9,14,7,96.45,256.49,-1.17,-3.18,-2.62,-5.26,-4.24,-3.29,-0.33,2.17e+02,4.68e-01,Very soluble,-1.64,1.07e+01,2.30e-02,Very soluble,1.75,2.62e+04,5.66e+01,Soluble,Low,No,No,No,No,No,No,No,-11.38,2,1,1,1,4,0.11,0,1,2,4.87
Molecule 170,O[C@@H]1[C@H](O)[C@H](O[C@H]1n1cnc2c1nc[nH+]c2Cl)COP(=O)(O)O,C10H13ClN4O7P+,367.66,23,9,0.50,4,9,5,75.08,171.11,-0.20,-2.21,-1.70,-2.42,-2.17,-1.74,-0.75,6.50e+01,1.77e-01,Very soluble,-0.85,5.18e+01,1.41e-01,Very soluble,0.30,7.39e+02,2.01e+00,Soluble,Low,No,No,No,No,No,No,No,-10.11,1,1,1,1,2,0.11,0,1,1,4.23
Molecule 171,CCCCCCCCCCCCCCCCOCCCOP(=O)(CO[C@@H](Cn1ccc(nc1=O)N)CO)O,C27H52N3O7P,561.69,38,6,0.85,26,8,3,154.16,155.94,4.12,4.89,5.26,1.63,4.96,4.17,-4.80,8.82e-03,1.57e-05,Moderately soluble,-7.90,7.07e-06,1.26e-08,Poorly soluble,-7.15,3.99e-05,7.10e-08,Poorly soluble,Low,No,No,No,Yes,No,No,Yes,-6.25,1,3,2,1,2,0.55,0,1,3,6.11
